Logging started @ 2025-11-05 04:47
DLL version: V8.80 , Compiled: Oct 22 2025 12:00:52
T0C58 5248:342.528   Firmware: J-Link V11 compiled Apr  1 2025 10:02:30
T0C58 5248:343.552   Firmware: J-Link V11 compiled Apr  1 2025 10:02:30
T0C58 5248:361.984   Hardware: V11.00
T0C58 5248:361.984   S/N: 601002656
T0C58 5248:361.984   OEM: SEGGER
T0C58 5248:361.984   Feature(s): RDI, FlashBP, FlashDL, JFlash, GDB
T0C58 5248:363.520   Bootloader: 2019 Jul 04
T0C58 5248:363.520   USB speed mode: High speed (480 MBit/s)
T0C58 5248:364.032   TELNET listener socket opened on port 19021
T0C58 5248:364.032   WEBSRV WEBSRV_Init(): Starting webserver thread(s)
T0C58 5248:364.544   WEBSRV Webserver running on local port 19080
T0C58 5248:364.544   Looking for J-Link GUI Server exe at: D:\ProgramFiles\IAR Systems\Embedded Workbench 9.1\arm\bin\JLinkGUIServer.exe
T0C58 5248:365.056   Looking for J-Link GUI Server exe at: C:\Program Files\SEGGER\JLink_V880\JLinkGUIServer.exe
T0C58 5248:365.056   Forking J-Link GUI Server: C:\Program Files\SEGGER\JLink_V880\JLinkGUIServer.exe
T0C58 5248:428.544   J-Link GUI Server info: "J-Link GUI server V8.80 "
T0C58 5248:431.104 - 93.632ms returns "O.K."
T0C58 5248:432.128 JLINK_ExecCommand("ProjectFile = D:\02_ESTec\01_PRJ\07_HKMC\02_AVAS_Car_Test_Sample\03_Source\02_SDL\01_Working\tviibh4m\tools\iar\flash\cm0plus\settings\cm0plus_rev_b.jlink", ...). 
T0C58 5248:445.952   Ref file found at: D:\ProgramFiles\IAR Systems\Embedded Workbench 9.1\arm\bin\JLinkDevices.ref
T0C58 5248:446.464   REF file references invalid XML file: C:\Program Files\SEGGER\JLink_V880\JLinkDevices.xml
T0C58 5248:447.488 - 15.178ms returns 0x00
T0C58 5248:447.488 JLINK_ExecCommand("device = CYT3BB_M0+", ...). 
T0C58 5248:448.000   Flash bank @ 0x10000000: SFL: Parsing sectorization info from ELF file
T0C58 5248:448.000     FlashDevice.SectorInfo[0]: .SectorSize = 0x00008000, .SectorStartAddr = 0x00000000
T0C58 5248:448.000     FlashDevice.SectorInfo[1]: .SectorSize = 0x00002000, .SectorStartAddr = 0x001F0000
T0C58 5248:448.000   FlashBank @0x10000000: Sectorization info from SFL ELF file ignored because sectorization override from DLL / XML file is active.
T0C58 5248:448.512   Flash bank @ 0x14000000: SFL: Parsing sectorization info from ELF file
T0C58 5248:448.512     FlashDevice.SectorInfo[0]: .SectorSize = 0x00000800, .SectorStartAddr = 0x00000000
T0C58 5248:448.512     FlashDevice.SectorInfo[1]: .SectorSize = 0x00000080, .SectorStartAddr = 0x00018000
T0C58 5248:448.512   FlashBank @0x14000000: Sectorization info from SFL ELF file ignored because sectorization override from DLL / XML file is active.
T0C58 5248:449.024   Flash bank @ 0x10000000: SFL: Parsing sectorization info from ELF file
T0C58 5248:449.024     FlashDevice.SectorInfo[0]: .SectorSize = 0x00000200, .SectorStartAddr = 0x17000800
T0C58 5248:449.024   FlashBank @0x17000800: Sectorization info from SFL ELF file ignored because sectorization override from DLL / XML file is active.
T0C58 5248:449.024   Device "CYT3BBBCEB_M0" selected.
T0C58 5248:449.536 - 1.709ms returns 0x00
T0C58 5248:449.536 JLINK_ExecCommand("CORESIGHT_SetMTBBaseAddr 0xf0003000", ...). 
T0C58 5248:449.536 - 0.003ms returns 0x00
T0C58 5248:449.536 JLINK_GetDLLVersion()
T0C58 5248:449.536 - 0.012ms returns 88000
T0C58 5248:449.536 JLINK_GetCompileDateTime()
T0C58 5248:449.536 - 0.012ms 
T0C58 5248:449.536 JLINK_GetFirmwareString(...)
T0C58 5248:449.536 - 0.014ms 
T0C58 5248:449.536 JLINK_TIF_Select(JLINKARM_TIF_SWD)
T0C58 5248:450.048 - 0.676ms returns 0x00
T0C58 5248:450.048 JLINK_EMU_GetProductId()
T0C58 5248:450.048 - 0.016ms 
T0C58 5248:450.048 JLINK_SelectDeviceFamily(6)
T0C58 5248:450.048 - 0.013ms 
T0C58 5248:450.560 JLINK_SetSpeed(1000)
T0C58 5248:450.560 - 0.070ms 
T0C58 5248:450.560 JLINK_SetResetType(JLINKARM_RESET_TYPE_NORMAL)
T0C58 5248:450.560 - 0.012ms returns JLINKARM_RESET_TYPE_NORMAL
T0C58 5248:450.560 JLINK_ExecCommand("SetResetPulseLen = 200", ...). 
T0C58 5248:450.560 - 0.002ms returns 0x14
T0C58 5248:450.560 JLINK_SetResetDelay(0)
T0C58 5248:450.560 - 0.011ms 
T0C58 5248:450.560 JLINK_ResetPullsRESET(ON)
T0C58 5248:450.560 - 0.012ms 
T0C58 5248:450.560 JLINK_Reset()
T0C58 5248:450.560   ConfigTargetSettings() start
T0C58 5248:450.560    J-Link Script File: Executing ConfigTargetSettings()
T0C58 5248:451.072   Disabling optimizations:
 - Compare
 - SkipBlankDataOnProg
 - Flash breakpoints
T0C58 5248:462.848   ConfigTargetSettings() end - Took 11.9ms
T0C58 5248:463.872   Found SW-DP with ID 0x6BA02477
T0C58 5248:466.432   DPIDR: 0x6BA02477
T0C58 5248:466.432   CoreSight SoC-400 or earlier
T0C58 5248:466.432   AP map detection skipped. Manually configured AP map found.
T0C58 5248:466.432   AP[0]: APB-AP (IDR: Not set, ADDR: 0x00000000)
T0C58 5248:466.432   AP[1]: AHB-AP (IDR: Not set, ADDR: 0x00000000)
T0C58 5248:466.432   AP[2]: AHB-AP (IDR: Not set, ADDR: 0x00000000)
T0C58 5248:466.432   AP[3]: AHB-AP (IDR: Not set, ADDR: 0x00000000)
T0C58 5248:467.456   AP[1]: Core found
T0C58 5248:467.456   AP[1]: AHB-AP ROM base: 0xF0000000
T0C58 5248:467.968   CPUID register: 0x410CC601. Implementer code: 0x41 (ARM)
T0C58 5248:467.968   Found Cortex-M0 r0p1, Little endian.
T0C58 5248:467.968   -- Max. mem block: 0x00005CF8
T0C58 5248:468.480   CPU_ReadMem(4 bytes @ 0xE000EDF0)
T0C58 5248:468.992   CPU_WriteMem(4 bytes @ 0xE000EDF0)
T0C58 5248:469.504   CPU_ReadMem(4 bytes @ 0xE0002000)
T0C58 5248:470.016   FPUnit: 4 code (BP) slots and 0 literal slots
T0C58 5248:470.016   CPU_ReadMem(4 bytes @ 0xE000EDFC)
T0C58 5248:470.528   CPU_WriteMem(4 bytes @ 0xE000EDFC)
T0C58 5248:471.040   CPU_ReadMem(4 bytes @ 0xE0001000)
T0C58 5248:471.552   CPU_WriteMem(4 bytes @ 0xE0001000)
T0C58 5248:472.064   CoreSight components:
T0C58 5248:472.064   ROMTbl[0] @ F0000000
T0C58 5248:472.064   CPU_ReadMem(64 bytes @ 0xF0000000)
T0C58 5248:473.088   CPU_ReadMem(32 bytes @ 0xE00FFFE0)
T0C58 5248:474.112   [0][0]: E00FF000 CID B105100D PID 000BB4C0 ROM Table
T0C58 5248:474.112   ROMTbl[1] @ E00FF000
T0C58 5248:474.112   CPU_ReadMem(64 bytes @ 0xE00FF000)
T0C58 5248:475.648   CPU_ReadMem(32 bytes @ 0xE000EFE0)
T0C58 5248:476.160   [1][0]: E000E000 CID B105E00D PID 000BB008 SCS
T0C58 5248:476.160   CPU_ReadMem(32 bytes @ 0xE0001FE0)
T0C58 5248:477.184   [1][1]: E0001000 CID B105E00D PID 000BB00A DWT
T0C58 5248:477.184   CPU_ReadMem(32 bytes @ 0xE0002FE0)
T0C58 5248:478.208   [1][2]: E0002000 CID B105E00D PID 000BB00B FPB
T0C58 5248:478.208   CPU_ReadMem(32 bytes @ 0xF0002FE0)
T0C58 5248:478.720   [0][1]: F0002000 CID B105900D PID 005BB906 CTI
T0C58 5248:478.720   CPU_ReadMem(32 bytes @ 0xF0003FE0)
T0C58 5248:479.744   [0][2]: F0003000 CID B105900D PID 001BB932 MTB-M0+
T0C58 5248:479.744   JLINK_GetResetTypeDesc
T0C58 5248:479.744   - 0.013ms 
T0C58 5248:479.744   Reset type: NORMAL (https://kb.segger.com/J-Link_Reset_Strategies)
T0C58 5248:479.744   CPU is running
T0C58 5248:479.744   CPU_WriteMem(4 bytes @ 0xE000EDF0)
T0C58 5248:480.256   CPU is running
T0C58 5248:480.256   CPU_WriteMem(4 bytes @ 0xE000EDFC)
T0C58 5248:480.768   Reset: Halt core after reset via DEMCR.VC_CORERESET.
T0C58 5248:481.280   Reset: Reset device via AIRCR.SYSRESETREQ.
T0C58 5248:481.280   CPU is running
T0C58 5248:481.280   CPU_WriteMem(4 bytes @ 0xE000ED0C)
T0C58 5248:635.392   CPU_ReadMem(4 bytes @ 0xE000EDF0)
T0C58 5248:635.904   CPU_ReadMem(4 bytes @ 0xE000EDF0)
T0C58 5248:642.560   CPU_WriteMem(4 bytes @ 0xE000EDFC)
T0C58 5248:648.704   CPU_ReadMem(4 bytes @ 0xE000EDF0)
T0C58 5248:654.848   CPU_WriteMem(4 bytes @ 0xE0002000)
T0C58 5248:655.872   CPU_ReadMem(4 bytes @ 0xE000EDFC)
T0C58 5248:656.384   CPU_ReadMem(4 bytes @ 0xE0001000)
T0C58 5248:656.384   CPU_WriteMem(4 bytes @ 0xE0001000)
T0C58 5248:656.896 - 206.477ms 
T0C58 5248:657.408 JLINK_IsHalted()
T0C58 5248:657.408 - 0.063ms returns TRUE
T0C58 5248:657.408 JLINK_Halt()
T0C58 5248:657.408 - 0.029ms returns 0x00
T0C58 5248:658.944 JLINK_ExecCommand("InvalidateCache", ...). 
T0C58 5248:658.944 - 0.028ms returns 0x00
T0C58 5248:660.480 JLINK_ReadMemU32(0xE000ED00, 0x1 Items)
T0C58 5248:660.480   CPU_ReadMem(4 bytes @ 0xE000ED00)
T0C58 5248:660.480   Data:  01 C6 0C 41
T0C58 5248:660.992   Debug reg: CPUID
T0C58 5248:660.992 - 0.698ms returns 1 (0x1)
T0C58 5248:660.992 JLINK_ReadMemU32(0xE00FF000, 0x1 Items)
T0C58 5248:660.992   CPU_ReadMem(4 bytes @ 0xE00FF000)
T0C58 5248:662.528   Data:  03 F0 F0 FF
T0C58 5248:662.528 - 1.316ms returns 1 (0x1)
T0C58 5248:662.528 JLINK_ReadMemU32(0xE00FF004, 0x1 Items)
T0C58 5248:662.528   CPU_ReadMem(4 bytes @ 0xE00FF004)
T0C58 5248:662.528   Data:  03 20 F0 FF
T0C58 5248:663.040 - 0.591ms returns 1 (0x1)
T0C58 5248:663.040 JLINK_ReadMemU32(0xE00FF008, 0x1 Items)
T0C58 5248:663.040   CPU_ReadMem(4 bytes @ 0xE00FF008)
T0C58 5248:663.552   Data:  03 30 F0 FF
T0C58 5248:664.064 - 0.549ms returns 1 (0x1)
T0C58 5248:664.064 JLINK_ReadMemU32(0xE00FF00C, 0x1 Items)
T0C58 5248:664.064   CPU_ReadMem(4 bytes @ 0xE00FF00C)
T0C58 5248:664.576   Data:  00 00 00 00
T0C58 5248:664.576 - 0.565ms returns 1 (0x1)
T0C58 5248:664.576 JLINK_ReadMemU32(0xE00FFFD0, 0x1 Items)
T0C58 5248:664.576   CPU_ReadMem(4 bytes @ 0xE00FFFD0)
T0C58 5248:665.088   Data:  04 00 00 00
T0C58 5248:665.088 - 0.649ms returns 1 (0x1)
T0C58 5248:665.088 JLINK_ReadMemU32(0xE00FFFD4, 0x1 Items)
T0C58 5248:665.088   CPU_ReadMem(4 bytes @ 0xE00FFFD4)
T0C58 5248:665.600   Data:  00 00 00 00
T0C58 5248:666.112 - 0.665ms returns 1 (0x1)
T0C58 5248:666.112 JLINK_ReadMemU32(0xE00FFFD8, 0x1 Items)
T0C58 5248:666.624   CPU_ReadMem(4 bytes @ 0xE00FFFD8)
T0C58 5248:666.624   Data:  00 00 00 00
T0C58 5248:666.624 - 0.839ms returns 1 (0x1)
T0C58 5248:666.624 JLINK_ReadMemU32(0xE00FFFDC, 0x1 Items)
T0C58 5248:667.136   CPU_ReadMem(4 bytes @ 0xE00FFFDC)
T0C58 5248:667.648   Data:  00 00 00 00
T0C58 5248:667.648 - 0.764ms returns 1 (0x1)
T0C58 5248:668.160 JLINK_ReadMemU32(0xE00FFFE0, 0x1 Items)
T0C58 5248:668.160   CPU_ReadMem(4 bytes @ 0xE00FFFE0)
T0C58 5248:668.672   Data:  C0 00 00 00
T0C58 5248:668.672 - 0.819ms returns 1 (0x1)
T0C58 5248:668.672 JLINK_ReadMemU32(0xE00FFFE4, 0x1 Items)
T0C58 5248:668.672   CPU_ReadMem(4 bytes @ 0xE00FFFE4)
T0C58 5248:669.696   Data:  B4 00 00 00
T0C58 5248:669.696 - 0.652ms returns 1 (0x1)
T0C58 5248:669.696 JLINK_ReadMemU32(0xE00FFFE8, 0x1 Items)
T0C58 5248:669.696   CPU_ReadMem(4 bytes @ 0xE00FFFE8)
T0C58 5248:670.208   Data:  0B 00 00 00
T0C58 5248:670.208 - 0.520ms returns 1 (0x1)
T0C58 5248:670.208 JLINK_ReadMemU32(0xE00FFFEC, 0x1 Items)
T0C58 5248:670.208   CPU_ReadMem(4 bytes @ 0xE00FFFEC)
T0C58 5248:670.720   Data:  00 00 00 00
T0C58 5248:670.720 - 0.513ms returns 1 (0x1)
T0C58 5248:670.720 JLINK_ReadMemU32(0xE00FFFF0, 0x1 Items)
T0C58 5248:670.720   CPU_ReadMem(4 bytes @ 0xE00FFFF0)
T0C58 5248:671.232   Data:  0D 00 00 00
T0C58 5248:671.232 - 0.539ms returns 1 (0x1)
T0C58 5248:671.232 JLINK_ReadMemU32(0xE00FFFF4, 0x1 Items)
T0C58 5248:671.232   CPU_ReadMem(4 bytes @ 0xE00FFFF4)
T0C58 5248:671.744   Data:  10 00 00 00
T0C58 5248:671.744 - 0.562ms returns 1 (0x1)
T0C58 5248:671.744 JLINK_ReadMemU32(0xE00FFFF8, 0x1 Items)
T0C58 5248:671.744   CPU_ReadMem(4 bytes @ 0xE00FFFF8)
T0C58 5248:672.768   Data:  05 00 00 00
T0C58 5248:672.768 - 0.509ms returns 1 (0x1)
T0C58 5248:672.768 JLINK_ReadMemU32(0xE00FFFFC, 0x1 Items)
T0C58 5248:672.768   CPU_ReadMem(4 bytes @ 0xE00FFFFC)
T0C58 5248:672.768   Data:  B1 00 00 00
T0C58 5248:672.768 - 0.556ms returns 1 (0x1)
T0C58 5248:672.768 JLINK_ReadMemU32(0xE000EFD0, 0x1 Items)
T0C58 5248:672.768   CPU_ReadMem(4 bytes @ 0xE000EFD0)
T0C58 5248:673.280   Data:  04 00 00 00
T0C58 5248:673.792 - 0.555ms returns 1 (0x1)
T0C58 5248:673.792 JLINK_ReadMemU32(0xE000EFD4, 0x1 Items)
T0C58 5248:673.792   CPU_ReadMem(4 bytes @ 0xE000EFD4)
T0C58 5248:674.304   Data:  00 00 00 00
T0C58 5248:674.304 - 0.530ms returns 1 (0x1)
T0C58 5248:674.304 JLINK_ReadMemU32(0xE000EFD8, 0x1 Items)
T0C58 5248:674.304   CPU_ReadMem(4 bytes @ 0xE000EFD8)
T0C58 5248:674.816   Data:  00 00 00 00
T0C58 5248:674.816 - 0.519ms returns 1 (0x1)
T0C58 5248:674.816 JLINK_ReadMemU32(0xE000EFDC, 0x1 Items)
T0C58 5248:674.816   CPU_ReadMem(4 bytes @ 0xE000EFDC)
T0C58 5248:674.816   Data:  00 00 00 00
T0C58 5248:675.328 - 0.515ms returns 1 (0x1)
T0C58 5248:675.328 JLINK_ReadMemU32(0xE000EFE0, 0x1 Items)
T0C58 5248:675.328   CPU_ReadMem(4 bytes @ 0xE000EFE0)
T0C58 5248:675.840   Data:  08 00 00 00
T0C58 5248:675.840 - 0.506ms returns 1 (0x1)
T0C58 5248:675.840 JLINK_ReadMemU32(0xE000EFE4, 0x1 Items)
T0C58 5248:675.840   CPU_ReadMem(4 bytes @ 0xE000EFE4)
T0C58 5248:676.352   Data:  B0 00 00 00
T0C58 5248:676.352 - 0.524ms returns 1 (0x1)
T0C58 5248:676.352 JLINK_ReadMemU32(0xE000EFE8, 0x1 Items)
T0C58 5248:676.352   CPU_ReadMem(4 bytes @ 0xE000EFE8)
T0C58 5248:676.864   Data:  0B 00 00 00
T0C58 5248:676.864 - 0.503ms returns 1 (0x1)
T0C58 5248:676.864 JLINK_ReadMemU32(0xE000EFEC, 0x1 Items)
T0C58 5248:676.864   CPU_ReadMem(4 bytes @ 0xE000EFEC)
T0C58 5248:677.376   Data:  00 00 00 00
T0C58 5248:677.376 - 0.487ms returns 1 (0x1)
T0C58 5248:677.376 JLINK_ReadMemU32(0xE000EFF0, 0x1 Items)
T0C58 5248:677.376   CPU_ReadMem(4 bytes @ 0xE000EFF0)
T0C58 5248:677.888   Data:  0D 00 00 00
T0C58 5248:677.888 - 0.564ms returns 1 (0x1)
T0C58 5248:677.888 JLINK_ReadMemU32(0xE000EFF4, 0x1 Items)
T0C58 5248:677.888   CPU_ReadMem(4 bytes @ 0xE000EFF4)
T0C58 5248:678.400   Data:  E0 00 00 00
T0C58 5248:678.912 - 0.529ms returns 1 (0x1)
T0C58 5248:678.912 JLINK_ReadMemU32(0xE000EFF8, 0x1 Items)
T0C58 5248:678.912   CPU_ReadMem(4 bytes @ 0xE000EFF8)
T0C58 5248:678.912   Data:  05 00 00 00
T0C58 5248:678.912 - 0.529ms returns 1 (0x1)
T0C58 5248:678.912 JLINK_ReadMemU32(0xE000EFFC, 0x1 Items)
T0C58 5248:678.912   CPU_ReadMem(4 bytes @ 0xE000EFFC)
T0C58 5248:679.424   Data:  B1 00 00 00
T0C58 5248:679.424 - 0.507ms returns 1 (0x1)
T0C58 5248:679.424 JLINK_ReadMemU32(0xE0001FD0, 0x1 Items)
T0C58 5248:679.424   CPU_ReadMem(4 bytes @ 0xE0001FD0)
T0C58 5248:679.936   Data:  04 00 00 00
T0C58 5248:680.448   Debug reg: DWT_PID4
T0C58 5248:680.448 - 0.565ms returns 1 (0x1)
T0C58 5248:680.448 JLINK_ReadMemU32(0xE0001FD4, 0x1 Items)
T0C58 5248:680.448   CPU_ReadMem(4 bytes @ 0xE0001FD4)
T0C58 5248:680.960   Data:  00 00 00 00
T0C58 5248:680.960   Debug reg: DWT_PID5
T0C58 5248:680.960 - 0.580ms returns 1 (0x1)
T0C58 5248:680.960 JLINK_ReadMemU32(0xE0001FD8, 0x1 Items)
T0C58 5248:680.960   CPU_ReadMem(4 bytes @ 0xE0001FD8)
T0C58 5248:681.472   Data:  00 00 00 00
T0C58 5248:681.472   Debug reg: DWT_PID6
T0C58 5248:681.472 - 0.654ms returns 1 (0x1)
T0C58 5248:681.472 JLINK_ReadMemU32(0xE0001FDC, 0x1 Items)
T0C58 5248:681.472   CPU_ReadMem(4 bytes @ 0xE0001FDC)
T0C58 5248:681.984   Data:  00 00 00 00
T0C58 5248:681.984   Debug reg: DWT_PID7
T0C58 5248:681.984 - 0.536ms returns 1 (0x1)
T0C58 5248:681.984 JLINK_ReadMemU32(0xE0001FE0, 0x1 Items)
T0C58 5248:681.984   CPU_ReadMem(4 bytes @ 0xE0001FE0)
T0C58 5248:682.496   Data:  0A 00 00 00
T0C58 5248:683.008   Debug reg: DWT_PID[0]
T0C58 5248:683.008 - 0.568ms returns 1 (0x1)
T0C58 5248:683.008 JLINK_ReadMemU32(0xE0001FE4, 0x1 Items)
T0C58 5248:683.008   CPU_ReadMem(4 bytes @ 0xE0001FE4)
T0C58 5248:683.008   Data:  B0 00 00 00
T0C58 5248:683.008   Debug reg: DWT_PID[1]
T0C58 5248:683.008 - 0.543ms returns 1 (0x1)
T0C58 5248:683.008 JLINK_ReadMemU32(0xE0001FE8, 0x1 Items)
T0C58 5248:683.008   CPU_ReadMem(4 bytes @ 0xE0001FE8)
T0C58 5248:683.520   Data:  0B 00 00 00
T0C58 5248:683.520   Debug reg: DWT_PID[2]
T0C58 5248:683.520 - 0.541ms returns 1 (0x1)
T0C58 5248:683.520 JLINK_ReadMemU32(0xE0001FEC, 0x1 Items)
T0C58 5248:683.520   CPU_ReadMem(4 bytes @ 0xE0001FEC)
T0C58 5248:684.544   Data:  00 00 00 00
T0C58 5248:684.544   Debug reg: DWT_PID[3]
T0C58 5248:684.544 - 0.500ms returns 1 (0x1)
T0C58 5248:684.544 JLINK_ReadMemU32(0xE0001FF0, 0x1 Items)
T0C58 5248:684.544   CPU_ReadMem(4 bytes @ 0xE0001FF0)
T0C58 5248:685.056   Data:  0D 00 00 00
T0C58 5248:685.056   Debug reg: DWT_CID[0]
T0C58 5248:685.056 - 0.522ms returns 1 (0x1)
T0C58 5248:685.056 JLINK_ReadMemU32(0xE0001FF4, 0x1 Items)
T0C58 5248:685.056   CPU_ReadMem(4 bytes @ 0xE0001FF4)
T0C58 5248:685.056   Data:  E0 00 00 00
T0C58 5248:685.056   Debug reg: DWT_CID[1]
T0C58 5248:685.056 - 0.557ms returns 1 (0x1)
T0C58 5248:685.568 JLINK_ReadMemU32(0xE0001FF8, 0x1 Items)
T0C58 5248:685.568   CPU_ReadMem(4 bytes @ 0xE0001FF8)
T0C58 5248:686.080   Data:  05 00 00 00
T0C58 5248:686.080   Debug reg: DWT_CID[2]
T0C58 5248:686.080 - 0.511ms returns 1 (0x1)
T0C58 5248:686.080 JLINK_ReadMemU32(0xE0001FFC, 0x1 Items)
T0C58 5248:686.080   CPU_ReadMem(4 bytes @ 0xE0001FFC)
T0C58 5248:686.592   Data:  B1 00 00 00
T0C58 5248:686.592   Debug reg: DWT_CID[3]
T0C58 5248:686.592 - 0.504ms returns 1 (0x1)
T0C58 5248:686.592 JLINK_ReadMemU32(0xE0002FD0, 0x1 Items)
T0C58 5248:686.592   CPU_ReadMem(4 bytes @ 0xE0002FD0)
T0C58 5248:687.104   Data:  04 00 00 00
T0C58 5248:687.104   Debug reg: FP_PID4
T0C58 5248:687.104 - 0.482ms returns 1 (0x1)
T0C58 5248:687.104 JLINK_ReadMemU32(0xE0002FD4, 0x1 Items)
T0C58 5248:687.104   CPU_ReadMem(4 bytes @ 0xE0002FD4)
T0C58 5248:687.616   Data:  00 00 00 00
T0C58 5248:687.616   Debug reg: FP_PID5
T0C58 5248:687.616 - 0.528ms returns 1 (0x1)
T0C58 5248:687.616 JLINK_ReadMemU32(0xE0002FD8, 0x1 Items)
T0C58 5248:687.616   CPU_ReadMem(4 bytes @ 0xE0002FD8)
T0C58 5248:688.128   Data:  00 00 00 00
T0C58 5248:688.128   Debug reg: FP_PID6
T0C58 5248:688.128 - 0.471ms returns 1 (0x1)
T0C58 5248:688.128 JLINK_ReadMemU32(0xE0002FDC, 0x1 Items)
T0C58 5248:688.128   CPU_ReadMem(4 bytes @ 0xE0002FDC)
T0C58 5248:688.640   Data:  00 00 00 00
T0C58 5248:688.640   Debug reg: FP_PID7
T0C58 5248:688.640 - 0.529ms returns 1 (0x1)
T0C58 5248:688.640 JLINK_ReadMemU32(0xE0002FE0, 0x1 Items)
T0C58 5248:688.640   CPU_ReadMem(4 bytes @ 0xE0002FE0)
T0C58 5248:689.152   Data:  0B 00 00 00
T0C58 5248:689.152   Debug reg: FP_PID[0]
T0C58 5248:689.152 - 0.530ms returns 1 (0x1)
T0C58 5248:689.152 JLINK_ReadMemU32(0xE0002FE4, 0x1 Items)
T0C58 5248:689.152   CPU_ReadMem(4 bytes @ 0xE0002FE4)
T0C58 5248:689.664   Data:  B0 00 00 00
T0C58 5248:689.664   Debug reg: FP_PID[1]
T0C58 5248:689.664 - 0.464ms returns 1 (0x1)
T0C58 5248:689.664 JLINK_ReadMemU32(0xE0002FE8, 0x1 Items)
T0C58 5248:689.664   CPU_ReadMem(4 bytes @ 0xE0002FE8)
T0C58 5248:690.176   Data:  0B 00 00 00
T0C58 5248:690.176   Debug reg: FP_PID[2]
T0C58 5248:690.176 - 0.507ms returns 1 (0x1)
T0C58 5248:690.176 JLINK_ReadMemU32(0xE0002FEC, 0x1 Items)
T0C58 5248:690.176   CPU_ReadMem(4 bytes @ 0xE0002FEC)
T0C58 5248:690.688   Data:  00 00 00 00
T0C58 5248:690.688   Debug reg: FP_PID[3]
T0C58 5248:690.688 - 0.531ms returns 1 (0x1)
T0C58 5248:690.688 JLINK_ReadMemU32(0xE0002FF0, 0x1 Items)
T0C58 5248:690.688   CPU_ReadMem(4 bytes @ 0xE0002FF0)
T0C58 5248:691.200   Data:  0D 00 00 00
T0C58 5248:691.200   Debug reg: FP_CID[0]
T0C58 5248:691.200 - 0.512ms returns 1 (0x1)
T0C58 5248:691.200 JLINK_ReadMemU32(0xE0002FF4, 0x1 Items)
T0C58 5248:691.200   CPU_ReadMem(4 bytes @ 0xE0002FF4)
T0C58 5248:691.712   Data:  E0 00 00 00
T0C58 5248:691.712   Debug reg: FP_CID[1]
T0C58 5248:691.712 - 0.499ms returns 1 (0x1)
T0C58 5248:691.712 JLINK_ReadMemU32(0xE0002FF8, 0x1 Items)
T0C58 5248:691.712   CPU_ReadMem(4 bytes @ 0xE0002FF8)
T0C58 5248:692.224   Data:  05 00 00 00
T0C58 5248:692.224   Debug reg: FP_CID[2]
T0C58 5248:692.224 - 0.536ms returns 1 (0x1)
T0C58 5248:692.224 JLINK_ReadMemU32(0xE0002FFC, 0x1 Items)
T0C58 5248:692.224   CPU_ReadMem(4 bytes @ 0xE0002FFC)
T0C58 5248:692.736   Data:  B1 00 00 00
T0C58 5248:692.736   Debug reg: FP_CID[3]
T0C58 5248:693.248 - 0.505ms returns 1 (0x1)
T0C58 5248:699.392 JLINK_ReadMemU32(0xE000ED00, 0x1 Items)
T0C58 5248:699.392   CPU_ReadMem(4 bytes @ 0xE000ED00)
T0C58 5248:700.416   Data:  01 C6 0C 41
T0C58 5248:700.416   Debug reg: CPUID
T0C58 5248:700.416 - 0.620ms returns 1 (0x1)
T0C58 5248:701.440 JLINK_GetSpeed()
T0C58 5248:701.440 - 0.035ms returns 1000
T0C58 5248:701.440 JLINK_SetMaxSpeed()
T0C58 5248:701.440 - 0.086ms 
T0C58 5248:701.440 JLINK_BeginDownload(Flags = 0x00000003)
T0C58 5248:701.440 - 0.017ms 
T0C58 5249:042.432 JLINK_WriteMem(0x28040000, 0x900 Bytes, ...)
T0C58 5249:042.432   Data:  00 00 08 28 51 08 04 28 00 00 00 00 00 00 00 00 ...
T0C58 5249:042.944   CPU_WriteMem(2304 bytes @ 0x28040000)
T0C58 5249:057.280 - 14.878ms returns 0x900
T0C58 5249:057.792 JLINK_ReadMemU32(0xE000EDFC, 0x1 Items)
T0C58 5249:057.792   CPU_ReadMem(4 bytes @ 0xE000EDFC)
T0C58 5249:058.304   Data:  00 00 00 01
T0C58 5249:058.304   Debug reg: DEMCR
T0C58 5249:058.304 - 0.399ms returns 1 (0x1)
T0C58 5249:058.304 JLINK_WriteU32(0xE000EDFC, 0x01000000)
T0C58 5249:058.304   Debug reg: DEMCR
T0C58 5249:058.304 - 0.235ms returns 0 (0x00000000)
T0C58 5249:058.304 JLINK_ReadMemU32(0xE0001004, 0x1 Items)
T0C58 5249:058.304   CPU_ReadMem(4 bytes @ 0xE0001004)
T0C58 5249:058.816   Data:  00 00 00 00
T0C58 5249:058.816   Debug reg: DWT_CYCCNT
T0C58 5249:058.816 - 0.350ms returns 1 (0x1)
T0C58 5249:058.816 JLINK_ReadMemU32(0x28040000, 0x1 Items)
T0C58 5249:058.816   CPU_ReadMem(64 bytes @ 0x28040000)
T0C58 5249:059.840    -- Updating C cache (64 bytes @ 0x28040000)
T0C58 5249:059.840    -- Read from C cache (4 bytes @ 0x28040000)
T0C58 5249:059.840   Data:  00 00 08 28
T0C58 5249:059.840 - 0.774ms returns 1 (0x1)
T0C58 5249:059.840 JLINK_ReadMemU32(0x28040004, 0x1 Items)
T0C58 5249:059.840    -- Read from C cache (4 bytes @ 0x28040004)
T0C58 5249:059.840   Data:  51 08 04 28
T0C58 5249:059.840 - 0.049ms returns 1 (0x1)
T0C58 5249:059.840 JLINK_ReadRegs(NumRegs = 1)
T0C58 5249:059.840     MSP (17) = 0x280BF800        
T0C58 5249:059.840 - 0.033ms returns 0x00
T0C58 5249:059.840 JLINK_ReadRegs(NumRegs = 1)
T0C58 5249:059.840     PSP (18) = 0x2801FFF8        
T0C58 5249:059.840 - 0.029ms returns 0x00
T0C58 5249:059.840 JLINK_ReadRegs(NumRegs = 1)
T0C58 5249:059.840     CFBP (20) = 0x00              
T0C58 5249:059.840 - 0.031ms returns 0x00
T0C58 5249:059.840 JLINK_WriteReg(MSP, 0x28080000)
T0C58 5249:059.840 - 0.019ms returns 0
T0C58 5249:059.840 JLINK_ReadRegs(NumRegs = 1)
T0C58 5249:059.840     R15 (PC) (15) = 0x114             
T0C58 5249:059.840 - 0.033ms returns 0x00
T0C58 5249:059.840 JLINK_WriteReg(R15 (PC), 0x28040850)
T0C58 5249:059.840 - 0.016ms returns 0
T0C58 5249:059.840 JLINK_ReadRegs(NumRegs = 1)
T0C58 5249:059.840     R0 (0)  = 0x5FA0000         
T0C58 5249:059.840 - 0.032ms returns 0x00
T0C58 5249:059.840 JLINK_ReadRegs(NumRegs = 1)
T0C58 5249:059.840     R1 (1)  = 0x40201000        
T0C58 5249:059.840 - 0.045ms returns 0x00
T0C58 5249:059.840 JLINK_ReadRegs(NumRegs = 1)
T0C58 5249:059.840     R2 (2)  = 0x4E20            
T0C58 5249:059.840 - 0.029ms returns 0x00
T0C58 5249:060.352 JLINK_ReadRegs(NumRegs = 1)
T0C58 5249:060.352     R3 (3)  = 0x20002           
T0C58 5249:060.352 - 0.030ms returns 0x00
T0C58 5249:060.352 JLINK_ReadRegs(NumRegs = 1)
T0C58 5249:060.352     R4 (4)  = 0x01              
T0C58 5249:060.352 - 0.029ms returns 0x00
T0C58 5249:060.352 JLINK_ReadRegs(NumRegs = 1)
T0C58 5249:060.352     R5 (5)  = 0x17007C00        
T0C58 5249:060.352 - 0.028ms returns 0x00
T0C58 5249:060.352 JLINK_ReadRegs(NumRegs = 1)
T0C58 5249:060.352     R6 (6)  = 0x10000000        
T0C58 5249:060.352 - 0.032ms returns 0x00
T0C58 5249:060.352 JLINK_ReadRegs(NumRegs = 1)
T0C58 5249:060.352     R7 (7)  = 0x17007C00        
T0C58 5249:060.352 - 0.045ms returns 0x00
T0C58 5249:060.352 JLINK_ReadRegs(NumRegs = 1)
T0C58 5249:060.352     R8 (8)  = 0xBE4D7D3D        
T0C58 5249:060.352 - 0.038ms returns 0x00
T0C58 5249:060.352 JLINK_ReadRegs(NumRegs = 1)
T0C58 5249:060.352     R9 (9)  = 0x8BB4D65F        
T0C58 5249:060.352 - 0.031ms returns 0x00
T0C58 5249:060.352 JLINK_ReadRegs(NumRegs = 1)
T0C58 5249:060.352     R10 (10) = 0x650BE897        
T0C58 5249:060.352 - 0.030ms returns 0x00
T0C58 5249:060.864 JLINK_ReadRegs(NumRegs = 1)
T0C58 5249:060.864     R11 (11) = 0x639F76DB        
T0C58 5249:060.864 - 0.030ms returns 0x00
T0C58 5249:060.864 JLINK_ReadRegs(NumRegs = 1)
T0C58 5249:060.864     R12 (12) = 0x280BF334        
T0C58 5249:060.864 - 0.028ms returns 0x00
T0C58 5249:060.864 JLINK_ReadRegs(NumRegs = 1)
T0C58 5249:060.864     MSP (17) = 0x28080000        
T0C58 5249:060.864 - 0.036ms returns 0x00
T0C58 5249:060.864 JLINK_ReadRegs(NumRegs = 1)
T0C58 5249:060.864     PSP (18) = 0x2801FFF8        
T0C58 5249:060.864 - 0.030ms returns 0x00
T0C58 5249:060.864 JLINK_ReadRegs(NumRegs = 1)
T0C58 5249:060.864     R14 (14) = 0x17003883        
T0C58 5249:060.864 - 0.029ms returns 0x00
T0C58 5249:060.864 JLINK_ReadRegs(NumRegs = 1)
T0C58 5249:060.864     R15 (PC) (15) = 0x28040850        
T0C58 5249:060.864 - 0.028ms returns 0x00
T0C58 5249:060.864 JLINK_ReadRegs(NumRegs = 1)
T0C58 5249:060.864     XPSR (16) = 0x61000000        
T0C58 5249:060.864 - 0.028ms returns 0x00
T0C58 5249:060.864 JLINK_ReadRegs(NumRegs = 1)
T0C58 5249:060.864     CFBP (20) = 0x00              
T0C58 5249:060.864 - 0.028ms returns 0x00
T0C58 5249:060.864 JLINK_WriteReg(XPSR, 0x61000000)
T0C58 5249:060.864 - 0.015ms returns 0
T0C58 5249:061.376 JLINK_ReadRegs(NumRegs = 1)
T0C58 5249:061.376     R15 (PC) (15) = 0x28040850        
T0C58 5249:061.376 - 0.030ms returns 0x00
T0C58 5249:061.376 JLINK_ReadMemU32(0xE000ED00, 0x1 Items)
T0C58 5249:061.376   CPU_ReadMem(4 bytes @ 0xE000ED00)
T0C58 5249:061.888   Data:  01 C6 0C 41
T0C58 5249:061.888   Debug reg: CPUID
T0C58 5249:061.888 - 0.389ms returns 1 (0x1)
T0C58 5249:061.888 JLINK_WriteU32(0xE000ED08, 0x00000000)
T0C58 5249:061.888   CPU_WriteMem(4 bytes @ 0xE000ED08)
T0C58 5249:061.888 - 0.329ms returns 0 (0x00000000)
T0C58 5249:061.888 JLINK_WriteU32(0xE000E100, 0x00000003)
T0C58 5249:061.888   CPU_WriteMem(4 bytes @ 0xE000E100)
T0C58 5249:062.400 - 0.318ms returns 0 (0x00000000)
T0C58 5249:062.400 JLINK_WriteU32(0xE000E400, 0x00000040)
T0C58 5249:062.400   CPU_WriteMem(4 bytes @ 0xE000E400)
T0C58 5249:062.912 - 0.332ms returns 0 (0x00000000)
T0C58 5249:065.472 JLINK_WriteMem(0x2807FE3C, 0x4 Bytes, ...)
T0C58 5249:065.472   Data:  00 00 00 00
T0C58 5249:065.472   CPU_WriteMem(4 bytes @ 0x2807FE3C)
T0C58 5249:065.984 - 0.371ms returns 0x4
T0C58 5249:065.984 JLINK_WriteMem(0x2807FE28, 0x14 Bytes, ...)
T0C58 5249:065.984   Data:  00 00 00 10 00 00 00 00 00 00 00 10 00 09 04 28 ...
T0C58 5249:065.984   CPU_WriteMem(20 bytes @ 0x2807FE28)
T0C58 5249:065.984 - 0.482ms returns 0x14
T0C58 5249:065.984 JLINK_WriteReg(R15 (PC), 0x28040850)
T0C58 5249:065.984 - 0.019ms returns 0
T0C58 5249:065.984 JLINK_ReadRegs(NumRegs = 1)
T0C58 5249:065.984     R0 (0)  = 0x5FA0000         
T0C58 5249:066.496 - 0.030ms returns 0x00
T0C58 5249:066.496 JLINK_ReadRegs(NumRegs = 1)
T0C58 5249:066.496     R1 (1)  = 0x40201000        
T0C58 5249:066.496 - 0.028ms returns 0x00
T0C58 5249:066.496 JLINK_ReadRegs(NumRegs = 1)
T0C58 5249:066.496     R2 (2)  = 0x4E20            
T0C58 5249:066.496 - 0.027ms returns 0x00
T0C58 5249:066.496 JLINK_ReadRegs(NumRegs = 1)
T0C58 5249:066.496     R3 (3)  = 0x20002           
T0C58 5249:066.496 - 0.028ms returns 0x00
T0C58 5249:066.496 JLINK_ReadRegs(NumRegs = 1)
T0C58 5249:066.496     R4 (4)  = 0x01              
T0C58 5249:066.496 - 0.030ms returns 0x00
T0C58 5249:066.496 JLINK_ReadRegs(NumRegs = 1)
T0C58 5249:066.496     R5 (5)  = 0x17007C00        
T0C58 5249:066.496 - 0.039ms returns 0x00
T0C58 5249:066.496 JLINK_ReadRegs(NumRegs = 1)
T0C58 5249:066.496     R6 (6)  = 0x10000000        
T0C58 5249:066.496 - 0.039ms returns 0x00
T0C58 5249:066.496 JLINK_ReadRegs(NumRegs = 1)
T0C58 5249:066.496     R7 (7)  = 0x17007C00        
T0C58 5249:066.496 - 0.030ms returns 0x00
T0C58 5249:066.496 JLINK_ReadRegs(NumRegs = 1)
T0C58 5249:066.496     R8 (8)  = 0xBE4D7D3D        
T0C58 5249:066.496 - 0.031ms returns 0x00
T0C58 5249:067.008 JLINK_ReadRegs(NumRegs = 1)
T0C58 5249:067.008     R9 (9)  = 0x8BB4D65F        
T0C58 5249:067.008 - 0.030ms returns 0x00
T0C58 5249:067.008 JLINK_ReadRegs(NumRegs = 1)
T0C58 5249:067.008     R10 (10) = 0x650BE897        
T0C58 5249:067.008 - 0.031ms returns 0x00
T0C58 5249:067.008 JLINK_ReadRegs(NumRegs = 1)
T0C58 5249:067.008     R11 (11) = 0x639F76DB        
T0C58 5249:067.008 - 0.030ms returns 0x00
T0C58 5249:067.008 JLINK_ReadRegs(NumRegs = 1)
T0C58 5249:067.008     R12 (12) = 0x280BF334        
T0C58 5249:067.008 - 0.044ms returns 0x00
T0C58 5249:067.008 JLINK_ReadRegs(NumRegs = 1)
T0C58 5249:067.008     MSP (17) = 0x28080000        
T0C58 5249:067.008 - 0.032ms returns 0x00
T0C58 5249:067.008 JLINK_ReadRegs(NumRegs = 1)
T0C58 5249:067.008     PSP (18) = 0x2801FFF8        
T0C58 5249:067.008 - 0.033ms returns 0x00
T0C58 5249:067.008 JLINK_ReadRegs(NumRegs = 1)
T0C58 5249:067.008     R14 (14) = 0x17003883        
T0C58 5249:067.008 - 0.029ms returns 0x00
T0C58 5249:067.008 JLINK_ReadRegs(NumRegs = 1)
T0C58 5249:067.008     R15 (PC) (15) = 0x28040850        
T0C58 5249:067.520 - 0.032ms returns 0x00
T0C58 5249:067.520 JLINK_ReadRegs(NumRegs = 1)
T0C58 5249:067.520     XPSR (16) = 0x61000000        
T0C58 5249:067.520 - 0.030ms returns 0x00
T0C58 5249:067.520 JLINK_ReadRegs(NumRegs = 1)
T0C58 5249:067.520     CFBP (20) = 0x00              
T0C58 5249:067.520 - 0.030ms returns 0x00
T0C58 5249:067.520 JLINK_WriteReg(XPSR, 0x61000000)
T0C58 5249:067.520 - 0.016ms returns 0
T0C58 5249:067.520 JLINK_SetBPEx(Addr = 0x280400CC, Type = 0xFFFFFFF2)
T0C58 5249:067.520   CPU_ReadMem(2 bytes @ 0x280400CC)
T0C58 5249:068.032 - 0.314ms returns 0x00000001
T0C58 5249:068.032 JLINK_WriteVectorCatch(0x00000000)
T0C58 5249:068.032 - 0.019ms returns 0
T51EC 5249:069.056 JLINK_ReadRegs(NumRegs = 1)
T51EC 5249:069.056     R15 (PC) (15) = 0x28040850        
T51EC 5249:069.056 - 0.070ms returns 0x00
T51EC 5249:069.056 JLINK_ReadMemU16(0x28040850, 0x1 Items)
T51EC 5249:069.056   CPU_ReadMem(64 bytes @ 0x28040840)
T51EC 5249:070.080    -- Updating C cache (64 bytes @ 0x28040840)
T51EC 5249:070.080    -- Read from C cache (2 bytes @ 0x28040850)
T51EC 5249:070.080   Data:  FF F7
T51EC 5249:070.080 - 0.843ms returns 1 (0x1)
T51EC 5249:070.080 JLINK_WriteVectorCatch(0x00000000)
T51EC 5249:070.080 - 0.027ms returns 0
T51EC 5249:070.080 JLINK_ReadMemU32(0xE000EDFC, 0x1 Items)
T51EC 5249:070.080   Data:  00 00 00 01
T51EC 5249:070.080   Debug reg: DEMCR
T51EC 5249:070.080 - 0.074ms returns 1 (0x1)
T51EC 5249:070.080 JLINK_WriteU32(0xE000EDFC, 0x01000000)
T51EC 5249:070.080   Debug reg: DEMCR
T51EC 5249:070.080   CPU_WriteMem(2 bytes @ 0x280400CC)
T51EC 5249:070.080 - 0.380ms returns 0 (0x00000000)
T51EC 5249:070.080 JLINK_ReadMemU32(0xE0002000, 0x1 Items)
T51EC 5249:070.080   CPU_ReadMem(4 bytes @ 0xE0002000)
T51EC 5249:070.592   Data:  41 00 00 00
T51EC 5249:070.592 - 0.362ms returns 1 (0x1)
T51EC 5249:070.592 JLINK_ReadMemU32(0xE0002000, 0x1 Items)
T51EC 5249:070.592   CPU_ReadMem(4 bytes @ 0xE0002000)
T51EC 5249:071.104   Data:  41 00 00 00
T51EC 5249:071.104 - 0.328ms returns 1 (0x1)
T51EC 5249:071.104 JLINK_ReadMemU32(0xE0001000, 0x1 Items)
T51EC 5249:071.104   CPU_ReadMem(4 bytes @ 0xE0001000)
T51EC 5249:071.616   Data:  00 00 00 20
T51EC 5249:071.616   Debug reg: DWT_CTRL
T51EC 5249:071.616 - 0.340ms returns 1 (0x1)
T51EC 5249:071.616 JLINK_ReadMemU32(0xE000EDFC, 0x1 Items)
T51EC 5249:071.616   Data:  00 00 00 01
T51EC 5249:071.616   Debug reg: DEMCR
T51EC 5249:071.616 - 0.044ms returns 1 (0x1)
T51EC 5249:071.616 JLINK_WriteU32(0xE000EDFC, 0x01000000)
T51EC 5249:071.616   Debug reg: DEMCR
T51EC 5249:071.616 - 0.029ms returns 0 (0x00000000)
T51EC 5249:071.616 JLINK_WriteU32(0xE0001028, 0x00000000)
T51EC 5249:071.616   Debug reg: DWT_FUNC[0]
T51EC 5249:071.616 - 0.028ms returns 0 (0x00000000)
T51EC 5249:071.616 JLINK_WriteU32(0xE0001038, 0x00000000)
T51EC 5249:071.616   Debug reg: DWT_FUNC[1]
T51EC 5249:071.616 - 0.028ms returns 0 (0x00000000)
T51EC 5249:071.616 JLINK_Go()
T51EC 5249:072.128   CPU_ReadMem(4 bytes @ 0xE0001000)
T51EC 5249:072.128   CPU_WriteMem(4 bytes @ 0xE0001000)
T51EC 5249:072.128   CPU_WriteMem(4 bytes @ 0xE0001028)
T51EC 5249:072.128   CPU_WriteMem(4 bytes @ 0xE0001038)
T51EC 5249:072.128   CPU_WriteMem(4 bytes @ 0xE0002008)
T51EC 5249:072.128   CPU_WriteMem(4 bytes @ 0xE000200C)
T51EC 5249:072.128   CPU_WriteMem(4 bytes @ 0xE0002010)
T51EC 5249:072.128   CPU_WriteMem(4 bytes @ 0xE0002014)
T51EC 5249:074.688   Memory map 'after startup completion point' is active
T51EC 5249:074.688 - 3.154ms 
T51EC 5249:076.224 JLINK_GetHWStatus(...)
T51EC 5249:076.736 - 0.178ms returns 0
T51EC 5249:076.736 JLINK_IsHalted()
T51EC 5249:080.320   CPU_ReadMem(2 bytes @ 0x280400CC)
T51EC 5249:080.320 - 3.647ms returns TRUE
T51EC 5249:080.320 JLINK_ReadRegs(NumRegs = 1)
T51EC 5249:080.320     R15 (PC) (15) = 0x280400CC        
T51EC 5249:080.320 - 0.090ms returns 0x00
T51EC 5249:080.320 JLINK_ReadMemU16(0x280400CC, 0x1 Items)
T51EC 5249:080.320    -- Merging existing BP[0]: 0xE7FE @ 0x280400CC
T51EC 5249:080.320    -- Merging existing BP[0]: 0xE7FE @ 0x280400CC
T51EC 5249:080.320   Data:  FE E7
T51EC 5249:080.320 - 0.120ms returns 1 (0x1)
T51EC 5249:080.320 JLINK_ReadMemU32(0xE000EDFC, 0x1 Items)
T51EC 5249:080.320   Data:  00 00 00 01
T51EC 5249:080.832   Debug reg: DEMCR
T51EC 5249:080.832 - 0.077ms returns 1 (0x1)
T51EC 5249:080.832 JLINK_WriteU32(0xE000EDFC, 0x01000000)
T51EC 5249:080.832   Debug reg: DEMCR
T51EC 5249:080.832 - 0.037ms returns 0 (0x00000000)
T51EC 5249:080.832 JLINK_WriteVectorCatch(0x00000000)
T51EC 5249:080.832 - 0.016ms returns 0
T51EC 5249:080.832 JLINK_WriteU32(0xE0001028, 0x00000000)
T51EC 5249:080.832   Debug reg: DWT_FUNC[0]
T51EC 5249:080.832 - 0.032ms returns 0 (0x00000000)
T51EC 5249:080.832 JLINK_WriteU32(0xE0001038, 0x00000000)
T51EC 5249:080.832   Debug reg: DWT_FUNC[1]
T51EC 5249:080.832 - 0.043ms returns 0 (0x00000000)
T51EC 5249:081.344 JLINK_ReadMemU32(0x2807FE28, 0x5 Items)
T51EC 5249:081.344   CPU_ReadMem(64 bytes @ 0x2807FE00)
T51EC 5249:082.368    -- Updating C cache (64 bytes @ 0x2807FE00)
T51EC 5249:082.368    -- Read from C cache (20 bytes @ 0x2807FE28)
T51EC 5249:082.368   Data:  00 00 00 10 00 00 00 00 00 00 00 10 00 09 04 28 ...
T51EC 5249:082.368 - 0.762ms returns 5 (0x5)
T51EC 5249:082.368 JLINK_WriteMem(0x28040900, 0x8 Bytes, ...)
T51EC 5249:082.368   Data:  00 00 00 10 00 80 00 00
T51EC 5249:082.368   CPU_WriteMem(8 bytes @ 0x28040900)
T51EC 5249:082.368 - 0.355ms returns 0x8
T51EC 5249:082.880 JLINK_WriteMem(0x2807FE28, 0x14 Bytes, ...)
T51EC 5249:082.880   Data:  00 00 00 00 01 00 00 00 00 00 00 00 00 09 04 28 ...
T51EC 5249:082.880   CPU_WriteMem(20 bytes @ 0x2807FE28)
T51EC 5249:083.392 - 0.467ms returns 0x14
T51EC 5249:083.392 JLINK_WriteReg(R15 (PC), 0x28040860)
T51EC 5249:083.392 - 0.015ms returns 0
T51EC 5249:083.392 JLINK_ReadRegs(NumRegs = 1)
T51EC 5249:083.392     R0 (0)  = 0x00              
T51EC 5249:083.392 - 0.029ms returns 0x00
T51EC 5249:083.392 JLINK_ReadRegs(NumRegs = 1)
T51EC 5249:083.392     R1 (1)  = 0x2807FE40        
T51EC 5249:083.392 - 0.029ms returns 0x00
T51EC 5249:083.392 JLINK_ReadRegs(NumRegs = 1)
T51EC 5249:083.392     R2 (2)  = 0x4024F400        
T51EC 5249:083.392 - 0.026ms returns 0x00
T51EC 5249:083.392 JLINK_ReadRegs(NumRegs = 1)
T51EC 5249:083.392     R3 (3)  = 0x40240000        
T51EC 5249:083.392 - 0.025ms returns 0x00
T51EC 5249:083.392 JLINK_ReadRegs(NumRegs = 1)
T51EC 5249:083.392     R4 (4)  = 0x01              
T51EC 5249:083.392 - 0.025ms returns 0x00
T51EC 5249:083.392 JLINK_ReadRegs(NumRegs = 1)
T51EC 5249:083.392     R5 (5)  = 0x17007C00        
T51EC 5249:083.392 - 0.025ms returns 0x00
T51EC 5249:083.392 JLINK_ReadRegs(NumRegs = 1)
T51EC 5249:083.392     R6 (6)  = 0x10000000        
T51EC 5249:083.904 - 0.025ms returns 0x00
T51EC 5249:083.904 JLINK_ReadRegs(NumRegs = 1)
T51EC 5249:083.904     R7 (7)  = 0x17007C00        
T51EC 5249:083.904 - 0.025ms returns 0x00
T51EC 5249:083.904 JLINK_ReadRegs(NumRegs = 1)
T51EC 5249:083.904     R8 (8)  = 0xBE4D7D3D        
T51EC 5249:083.904 - 0.029ms returns 0x00
T51EC 5249:083.904 JLINK_ReadRegs(NumRegs = 1)
T51EC 5249:083.904     R9 (9)  = 0x8BB4D65F        
T51EC 5249:083.904 - 0.026ms returns 0x00
T51EC 5249:083.904 JLINK_ReadRegs(NumRegs = 1)
T51EC 5249:083.904     R10 (10) = 0x650BE897        
T51EC 5249:083.904 - 0.025ms returns 0x00
T51EC 5249:083.904 JLINK_ReadRegs(NumRegs = 1)
T51EC 5249:083.904     R11 (11) = 0x639F76DB        
T51EC 5249:083.904 - 0.030ms returns 0x00
T51EC 5249:083.904 JLINK_ReadRegs(NumRegs = 1)
T51EC 5249:083.904     R12 (12) = 0x280BF334        
T51EC 5249:083.904 - 0.025ms returns 0x00
T51EC 5249:083.904 JLINK_ReadRegs(NumRegs = 1)
T51EC 5249:083.904     MSP (17) = 0x28080000        
T51EC 5249:083.904 - 0.030ms returns 0x00
T51EC 5249:083.904 JLINK_ReadRegs(NumRegs = 1)
T51EC 5249:083.904     PSP (18) = 0x2801FFF8        
T51EC 5249:083.904 - 0.025ms returns 0x00
T51EC 5249:083.904 JLINK_ReadRegs(NumRegs = 1)
T51EC 5249:083.904     R14 (14) = 0x28040859        
T51EC 5249:083.904 - 0.026ms returns 0x00
T51EC 5249:083.904 JLINK_ReadRegs(NumRegs = 1)
T51EC 5249:083.904     R15 (PC) (15) = 0x28040860        
T51EC 5249:084.416 - 0.028ms returns 0x00
T51EC 5249:084.416 JLINK_ReadRegs(NumRegs = 1)
T51EC 5249:084.416     XPSR (16) = 0x41000000        
T51EC 5249:084.416 - 0.029ms returns 0x00
T51EC 5249:084.416 JLINK_ReadRegs(NumRegs = 1)
T51EC 5249:084.416     CFBP (20) = 0x00              
T51EC 5249:084.416 - 0.031ms returns 0x00
T51EC 5249:084.416 JLINK_WriteReg(XPSR, 0x41000000)
T51EC 5249:084.416 - 0.018ms returns 0
T51EC 5249:084.416 JLINK_ReadRegs(NumRegs = 1)
T51EC 5249:084.416     R15 (PC) (15) = 0x28040860        
T51EC 5249:084.416 - 0.043ms returns 0x00
T51EC 5249:084.416 JLINK_ReadMemU16(0x28040860, 0x1 Items)
T51EC 5249:084.416   CPU_ReadMem(64 bytes @ 0x28040840)
T51EC 5249:084.928    -- Updating C cache (64 bytes @ 0x28040840)
T51EC 5249:084.928    -- Read from C cache (2 bytes @ 0x28040860)
T51EC 5249:084.928   Data:  FF F7
T51EC 5249:084.928 - 0.752ms returns 1 (0x1)
T51EC 5249:084.928 JLINK_WriteVectorCatch(0x00000000)
T51EC 5249:084.928 - 0.015ms returns 0
T51EC 5249:084.928 JLINK_ReadMemU32(0xE000EDFC, 0x1 Items)
T51EC 5249:084.928   Data:  00 00 00 01
T51EC 5249:084.928   Debug reg: DEMCR
T51EC 5249:084.928 - 0.044ms returns 1 (0x1)
T51EC 5249:084.928 JLINK_WriteU32(0xE000EDFC, 0x01000000)
T51EC 5249:084.928   Debug reg: DEMCR
T51EC 5249:084.928 - 0.028ms returns 0 (0x00000000)
T51EC 5249:084.928 JLINK_WriteU32(0xE0001028, 0x00000000)
T51EC 5249:084.928   Debug reg: DWT_FUNC[0]
T51EC 5249:084.928 - 0.027ms returns 0 (0x00000000)
T51EC 5249:085.440 JLINK_WriteU32(0xE0001038, 0x00000000)
T51EC 5249:085.440   Debug reg: DWT_FUNC[1]
T51EC 5249:085.440 - 0.026ms returns 0 (0x00000000)
T51EC 5249:085.440 JLINK_Go()
T51EC 5249:085.440   CPU_ReadMem(4 bytes @ 0xE0001000)
T51EC 5249:085.440   CPU_WriteMem(4 bytes @ 0xE0001028)
T51EC 5249:085.440   CPU_WriteMem(4 bytes @ 0xE0001038)
T51EC 5249:086.976 - 1.811ms 
T51EC 5249:089.024 JLINK_GetHWStatus(...)
T51EC 5249:089.024 - 0.165ms returns 0
T51EC 5249:089.536 JLINK_IsHalted()
T51EC 5249:089.536 - 0.356ms returns FALSE
T51EC 5249:091.072 JLINK_GetHWStatus(...)
T51EC 5249:091.584 - 0.141ms returns 0
T51EC 5249:091.584 JLINK_IsHalted()
T51EC 5249:092.096 - 0.382ms returns FALSE
T51EC 5249:093.120 JLINK_GetHWStatus(...)
T51EC 5249:093.632 - 0.154ms returns 0
T51EC 5249:093.632 JLINK_IsHalted()
T51EC 5249:094.144 - 0.452ms returns FALSE
T51EC 5249:095.680 JLINK_GetHWStatus(...)
T51EC 5249:096.192 - 0.160ms returns 0
T51EC 5249:096.192 JLINK_IsHalted()
T51EC 5249:096.704 - 0.433ms returns FALSE
T51EC 5249:097.728 JLINK_GetHWStatus(...)
T51EC 5249:098.240 - 0.147ms returns 0
T51EC 5249:098.240 JLINK_IsHalted()
T51EC 5249:098.752 - 0.476ms returns FALSE
T51EC 5249:099.776 JLINK_GetHWStatus(...)
T51EC 5249:100.288 - 0.173ms returns 0
T51EC 5249:100.288 JLINK_IsHalted()
T51EC 5249:100.288 - 0.329ms returns FALSE
T51EC 5249:101.824 JLINK_GetHWStatus(...)
T51EC 5249:101.824 - 0.148ms returns 0
T51EC 5249:101.824 JLINK_IsHalted()
T51EC 5249:102.336 - 0.322ms returns FALSE
T51EC 5249:103.872 JLINK_GetHWStatus(...)
T51EC 5249:103.872 - 0.153ms returns 0
T51EC 5249:103.872 JLINK_IsHalted()
T51EC 5249:104.384 - 0.454ms returns FALSE
T51EC 5249:105.920 JLINK_GetHWStatus(...)
T51EC 5249:105.920 - 0.148ms returns 0
T51EC 5249:105.920 JLINK_IsHalted()
T51EC 5249:106.432 - 0.321ms returns FALSE
T51EC 5249:108.480 JLINK_GetHWStatus(...)
T51EC 5249:108.480 - 0.160ms returns 0
T51EC 5249:108.480 JLINK_IsHalted()
T51EC 5249:108.992 - 0.393ms returns FALSE
T51EC 5249:110.528 JLINK_GetHWStatus(...)
T51EC 5249:110.528 - 0.167ms returns 0
T51EC 5249:110.528 JLINK_IsHalted()
T51EC 5249:111.040 - 0.380ms returns FALSE
T51EC 5249:112.576 JLINK_GetHWStatus(...)
T51EC 5249:112.576 - 0.143ms returns 0
T51EC 5249:112.576 JLINK_IsHalted()
T51EC 5249:113.088 - 0.321ms returns FALSE
T51EC 5249:114.624 JLINK_GetHWStatus(...)
T51EC 5249:114.624 - 0.155ms returns 0
T51EC 5249:114.624 JLINK_IsHalted()
T51EC 5249:115.136 - 0.395ms returns FALSE
T51EC 5249:116.160 JLINK_GetHWStatus(...)
T51EC 5249:116.672 - 0.181ms returns 0
T51EC 5249:116.672 JLINK_IsHalted()
T51EC 5249:117.184 - 0.303ms returns FALSE
T51EC 5249:119.232 JLINK_GetHWStatus(...)
T51EC 5249:119.232 - 0.142ms returns 0
T51EC 5249:119.232 JLINK_IsHalted()
T51EC 5249:119.232 - 0.309ms returns FALSE
T51EC 5249:121.280 JLINK_GetHWStatus(...)
T51EC 5249:121.280 - 0.310ms returns 0
T51EC 5249:121.280 JLINK_IsHalted()
T51EC 5249:121.280 - 0.344ms returns FALSE
T51EC 5249:123.328 JLINK_GetHWStatus(...)
T51EC 5249:123.328 - 0.198ms returns 0
T51EC 5249:123.328 JLINK_IsHalted()
T51EC 5249:123.328 - 0.387ms returns FALSE
T51EC 5249:125.376 JLINK_GetHWStatus(...)
T51EC 5249:125.376 - 0.147ms returns 0
T51EC 5249:125.376 JLINK_IsHalted()
T51EC 5249:125.376 - 0.420ms returns FALSE
T51EC 5249:127.424 JLINK_GetHWStatus(...)
T51EC 5249:127.936 - 0.220ms returns 0
T51EC 5249:127.936 JLINK_IsHalted()
T51EC 5249:127.936 - 0.320ms returns FALSE
T51EC 5249:129.984 JLINK_GetHWStatus(...)
T51EC 5249:129.984 - 0.171ms returns 0
T51EC 5249:129.984 JLINK_IsHalted()
T51EC 5249:130.496 - 0.340ms returns FALSE
T51EC 5249:132.032 JLINK_GetHWStatus(...)
T51EC 5249:132.032 - 0.140ms returns 0
T51EC 5249:132.032 JLINK_IsHalted()
T51EC 5249:132.544 - 0.436ms returns FALSE
T51EC 5249:134.080 JLINK_GetHWStatus(...)
T51EC 5249:134.080 - 0.145ms returns 0
T51EC 5249:134.592 JLINK_IsHalted()
T51EC 5249:134.592 - 0.318ms returns FALSE
T51EC 5249:136.128 JLINK_GetHWStatus(...)
T51EC 5249:136.640 - 0.173ms returns 0
T51EC 5249:136.640 JLINK_IsHalted()
T51EC 5249:136.640 - 0.324ms returns FALSE
T51EC 5249:138.688 JLINK_GetHWStatus(...)
T51EC 5249:139.200 - 0.153ms returns 0
T51EC 5249:139.200 JLINK_IsHalted()
T51EC 5249:142.272   CPU_ReadMem(2 bytes @ 0x280400CC)
T51EC 5249:142.272 - 3.572ms returns TRUE
T51EC 5249:142.784 JLINK_ReadRegs(NumRegs = 1)
T51EC 5249:142.784     R15 (PC) (15) = 0x280400CC        
T51EC 5249:142.784 - 0.046ms returns 0x00
T51EC 5249:142.784 JLINK_ReadMemU16(0x280400CC, 0x1 Items)
T51EC 5249:142.784    -- Merging existing BP[0]: 0xE7FE @ 0x280400CC
T51EC 5249:142.784    -- Merging existing BP[0]: 0xE7FE @ 0x280400CC
T51EC 5249:142.784   Data:  FE E7
T51EC 5249:142.784 - 0.066ms returns 1 (0x1)
T51EC 5249:142.784 JLINK_ReadMemU32(0xE000EDFC, 0x1 Items)
T51EC 5249:142.784   Data:  00 00 00 01
T51EC 5249:142.784   Debug reg: DEMCR
T51EC 5249:142.784 - 0.052ms returns 1 (0x1)
T51EC 5249:142.784 JLINK_WriteU32(0xE000EDFC, 0x01000000)
T51EC 5249:142.784   Debug reg: DEMCR
T51EC 5249:142.784 - 0.028ms returns 0 (0x00000000)
T51EC 5249:142.784 JLINK_WriteVectorCatch(0x00000000)
T51EC 5249:142.784 - 0.013ms returns 0
T51EC 5249:142.784 JLINK_WriteU32(0xE0001028, 0x00000000)
T51EC 5249:142.784   Debug reg: DWT_FUNC[0]
T51EC 5249:142.784 - 0.026ms returns 0 (0x00000000)
T51EC 5249:142.784 JLINK_WriteU32(0xE0001038, 0x00000000)
T51EC 5249:142.784   Debug reg: DWT_FUNC[1]
T51EC 5249:142.784 - 0.025ms returns 0 (0x00000000)
T51EC 5249:143.296 JLINK_ReadMemU32(0x2807FE28, 0x5 Items)
T51EC 5249:143.296   CPU_ReadMem(64 bytes @ 0x2807FE00)
T51EC 5249:143.808    -- Updating C cache (64 bytes @ 0x2807FE00)
T51EC 5249:143.808    -- Read from C cache (20 bytes @ 0x2807FE28)
T51EC 5249:143.808   Data:  00 00 00 00 00 00 00 00 00 00 00 00 00 09 04 28 ...
T51EC 5249:143.808 - 0.749ms returns 5 (0x5)
T51EC 5249:143.808 JLINK_WriteMem(0x28040900, 0x5800 Bytes, ...)
T51EC 5249:143.808   Data:  00 00 02 28 81 52 00 10 8D 55 00 10 D9 53 00 10 ...
T51EC 5249:143.808   CPU_WriteMem(22528 bytes @ 0x28040900)
T51EC 5249:281.536 - 137.564ms returns 0x5800
T51EC 5249:281.536 JLINK_WriteMem(0x2807FE28, 0x14 Bytes, ...)
T51EC 5249:281.536   Data:  00 00 00 10 00 58 00 00 00 00 00 00 00 09 04 28 ...
T51EC 5249:281.536   CPU_WriteMem(20 bytes @ 0x2807FE28)
T51EC 5249:282.048 - 0.453ms returns 0x14
T51EC 5249:282.560 JLINK_WriteReg(R15 (PC), 0x28040858)
T51EC 5249:282.560 - 0.016ms returns 0
T51EC 5249:282.560 JLINK_ReadRegs(NumRegs = 1)
T51EC 5249:282.560     R0 (0)  = 0x00              
T51EC 5249:282.560 - 0.027ms returns 0x00
T51EC 5249:282.560 JLINK_ReadRegs(NumRegs = 1)
T51EC 5249:282.560     R1 (1)  = 0x01              
T51EC 5249:282.560 - 0.025ms returns 0x00
T51EC 5249:282.560 JLINK_ReadRegs(NumRegs = 1)
T51EC 5249:282.560     R2 (2)  = 0xA0000000        
T51EC 5249:282.560 - 0.024ms returns 0x00
T51EC 5249:282.560 JLINK_ReadRegs(NumRegs = 1)
T51EC 5249:282.560     R3 (3)  = 0xA0000000        
T51EC 5249:282.560 - 0.024ms returns 0x00
T51EC 5249:282.560 JLINK_ReadRegs(NumRegs = 1)
T51EC 5249:282.560     R4 (4)  = 0x01              
T51EC 5249:282.560 - 0.024ms returns 0x00
T51EC 5249:282.560 JLINK_ReadRegs(NumRegs = 1)
T51EC 5249:282.560     R5 (5)  = 0x17007C00        
T51EC 5249:282.560 - 0.024ms returns 0x00
T51EC 5249:282.560 JLINK_ReadRegs(NumRegs = 1)
T51EC 5249:282.560     R6 (6)  = 0x10000000        
T51EC 5249:282.560 - 0.024ms returns 0x00
T51EC 5249:282.560 JLINK_ReadRegs(NumRegs = 1)
T51EC 5249:282.560     R7 (7)  = 0x17007C00        
T51EC 5249:282.560 - 0.024ms returns 0x00
T51EC 5249:282.560 JLINK_ReadRegs(NumRegs = 1)
T51EC 5249:282.560     R8 (8)  = 0xBE4D7D3D        
T51EC 5249:282.560 - 0.025ms returns 0x00
T51EC 5249:282.560 JLINK_ReadRegs(NumRegs = 1)
T51EC 5249:282.560     R9 (9)  = 0x8BB4D65F        
T51EC 5249:282.560 - 0.025ms returns 0x00
T51EC 5249:283.072 JLINK_ReadRegs(NumRegs = 1)
T51EC 5249:283.072     R10 (10) = 0x650BE897        
T51EC 5249:283.072 - 0.024ms returns 0x00
T51EC 5249:283.072 JLINK_ReadRegs(NumRegs = 1)
T51EC 5249:283.072     R11 (11) = 0x639F76DB        
T51EC 5249:283.072 - 0.024ms returns 0x00
T51EC 5249:283.072 JLINK_ReadRegs(NumRegs = 1)
T51EC 5249:283.072     R12 (12) = 0x280BF334        
T51EC 5249:283.072 - 0.024ms returns 0x00
T51EC 5249:283.072 JLINK_ReadRegs(NumRegs = 1)
T51EC 5249:283.072     MSP (17) = 0x28080000        
T51EC 5249:283.072 - 0.024ms returns 0x00
T51EC 5249:283.072 JLINK_ReadRegs(NumRegs = 1)
T51EC 5249:283.072     PSP (18) = 0x2801FFF8        
T51EC 5249:283.072 - 0.025ms returns 0x00
T51EC 5249:283.072 JLINK_ReadRegs(NumRegs = 1)
T51EC 5249:283.072     R14 (14) = 0x28040869        
T51EC 5249:283.072 - 0.024ms returns 0x00
T51EC 5249:283.072 JLINK_ReadRegs(NumRegs = 1)
T51EC 5249:283.072     R15 (PC) (15) = 0x28040858        
T51EC 5249:283.072 - 0.025ms returns 0x00
T51EC 5249:283.072 JLINK_ReadRegs(NumRegs = 1)
T51EC 5249:283.072     XPSR (16) = 0x61000000        
T51EC 5249:283.072 - 0.024ms returns 0x00
T51EC 5249:283.072 JLINK_ReadRegs(NumRegs = 1)
T51EC 5249:283.072     CFBP (20) = 0x00              
T51EC 5249:283.072 - 0.025ms returns 0x00
T51EC 5249:283.072 JLINK_WriteReg(XPSR, 0x61000000)
T51EC 5249:283.072 - 0.014ms returns 0
T51EC 5249:283.072 JLINK_ReadRegs(NumRegs = 1)
T51EC 5249:283.072     R15 (PC) (15) = 0x28040858        
T51EC 5249:283.072 - 0.063ms returns 0x00
T51EC 5249:283.072 JLINK_ReadMemU16(0x28040858, 0x1 Items)
T51EC 5249:283.072   CPU_ReadMem(64 bytes @ 0x28040840)
T51EC 5249:284.096    -- Updating C cache (64 bytes @ 0x28040840)
T51EC 5249:284.096    -- Read from C cache (2 bytes @ 0x28040858)
T51EC 5249:284.096   Data:  FF F7
T51EC 5249:284.096 - 0.744ms returns 1 (0x1)
T51EC 5249:284.096 JLINK_WriteVectorCatch(0x00000000)
T51EC 5249:284.096 - 0.014ms returns 0
T51EC 5249:284.096 JLINK_ReadMemU32(0xE000EDFC, 0x1 Items)
T51EC 5249:284.096   Data:  00 00 00 01
T51EC 5249:284.096   Debug reg: DEMCR
T51EC 5249:284.096 - 0.046ms returns 1 (0x1)
T51EC 5249:284.096 JLINK_WriteU32(0xE000EDFC, 0x01000000)
T51EC 5249:284.096   Debug reg: DEMCR
T51EC 5249:284.096 - 0.028ms returns 0 (0x00000000)
T51EC 5249:284.096 JLINK_WriteU32(0xE0001028, 0x00000000)
T51EC 5249:284.096   Debug reg: DWT_FUNC[0]
T51EC 5249:284.096 - 0.025ms returns 0 (0x00000000)
T51EC 5249:284.096 JLINK_WriteU32(0xE0001038, 0x00000000)
T51EC 5249:284.096   Debug reg: DWT_FUNC[1]
T51EC 5249:284.096 - 0.025ms returns 0 (0x00000000)
T51EC 5249:284.096 JLINK_Go()
T51EC 5249:284.096   CPU_ReadMem(4 bytes @ 0xE0001000)
T51EC 5249:284.608   CPU_WriteMem(4 bytes @ 0xE0001028)
T51EC 5249:284.608   CPU_WriteMem(4 bytes @ 0xE0001038)
T51EC 5249:286.144 - 1.825ms 
T51EC 5249:288.704 JLINK_GetHWStatus(...)
T51EC 5249:289.216 - 0.176ms returns 0
T51EC 5249:289.216 JLINK_IsHalted()
T51EC 5249:289.216 - 0.491ms returns FALSE
T51EC 5249:291.264 JLINK_GetHWStatus(...)
T51EC 5249:291.264 - 0.135ms returns 0
T51EC 5249:291.264 JLINK_IsHalted()
T51EC 5249:291.264 - 0.462ms returns FALSE
T51EC 5249:293.312 JLINK_GetHWStatus(...)
T51EC 5249:293.312 - 0.196ms returns 0
T51EC 5249:293.312 JLINK_IsHalted()
T51EC 5249:293.312 - 0.374ms returns FALSE
T51EC 5249:295.360 JLINK_GetHWStatus(...)
T51EC 5249:295.360 - 0.162ms returns 0
T51EC 5249:295.360 JLINK_IsHalted()
T51EC 5249:295.360 - 0.318ms returns FALSE
T51EC 5249:297.408 JLINK_GetHWStatus(...)
T51EC 5249:297.408 - 0.152ms returns 0
T51EC 5249:297.408 JLINK_IsHalted()
T51EC 5249:297.920 - 0.418ms returns FALSE
T51EC 5249:299.456 JLINK_GetHWStatus(...)
T51EC 5249:299.968 - 0.187ms returns 0
T51EC 5249:299.968 JLINK_IsHalted()
T51EC 5249:300.480 - 0.312ms returns FALSE
T51EC 5249:301.504 JLINK_GetHWStatus(...)
T51EC 5249:302.016 - 0.179ms returns 0
T51EC 5249:302.016 JLINK_IsHalted()
T51EC 5249:302.528 - 0.430ms returns FALSE
T51EC 5249:303.552 JLINK_GetHWStatus(...)
T51EC 5249:304.064 - 0.142ms returns 0
T51EC 5249:304.064 JLINK_IsHalted()
T51EC 5249:304.576 - 0.317ms returns FALSE
T51EC 5249:306.112 JLINK_GetHWStatus(...)
T51EC 5249:306.112 - 0.158ms returns 0
T51EC 5249:306.112 JLINK_IsHalted()
T51EC 5249:306.624 - 0.393ms returns FALSE
T51EC 5249:307.648 JLINK_GetHWStatus(...)
T51EC 5249:308.160 - 0.147ms returns 0
T51EC 5249:308.160 JLINK_IsHalted()
T51EC 5249:311.744   CPU_ReadMem(2 bytes @ 0x280400CC)
T51EC 5249:311.744 - 3.483ms returns TRUE
T51EC 5249:311.744 JLINK_ReadRegs(NumRegs = 1)
T51EC 5249:311.744     R15 (PC) (15) = 0x280400CC        
T51EC 5249:311.744 - 0.043ms returns 0x00
T51EC 5249:311.744 JLINK_ReadMemU16(0x280400CC, 0x1 Items)
T51EC 5249:311.744    -- Merging existing BP[0]: 0xE7FE @ 0x280400CC
T51EC 5249:311.744    -- Merging existing BP[0]: 0xE7FE @ 0x280400CC
T51EC 5249:311.744   Data:  FE E7
T51EC 5249:311.744 - 0.053ms returns 1 (0x1)
T51EC 5249:311.744 JLINK_ReadMemU32(0xE000EDFC, 0x1 Items)
T51EC 5249:311.744   Data:  00 00 00 01
T51EC 5249:311.744   Debug reg: DEMCR
T51EC 5249:311.744 - 0.040ms returns 1 (0x1)
T51EC 5249:311.744 JLINK_WriteU32(0xE000EDFC, 0x01000000)
T51EC 5249:311.744   Debug reg: DEMCR
T51EC 5249:311.744 - 0.028ms returns 0 (0x00000000)
T51EC 5249:311.744 JLINK_WriteVectorCatch(0x00000000)
T51EC 5249:311.744 - 0.013ms returns 0
T51EC 5249:311.744 JLINK_WriteU32(0xE0001028, 0x00000000)
T51EC 5249:311.744   Debug reg: DWT_FUNC[0]
T51EC 5249:311.744 - 0.026ms returns 0 (0x00000000)
T51EC 5249:311.744 JLINK_WriteU32(0xE0001038, 0x00000000)
T51EC 5249:311.744   Debug reg: DWT_FUNC[1]
T51EC 5249:311.744 - 0.025ms returns 0 (0x00000000)
T51EC 5249:312.256 JLINK_ReadMemU32(0x2807FE28, 0x5 Items)
T51EC 5249:312.256   CPU_ReadMem(64 bytes @ 0x2807FE00)
T51EC 5249:313.280    -- Updating C cache (64 bytes @ 0x2807FE00)
T51EC 5249:313.280    -- Read from C cache (20 bytes @ 0x2807FE28)
T51EC 5249:313.280   Data:  00 00 00 10 00 00 00 00 00 00 00 00 00 09 04 28 ...
T51EC 5249:313.280 - 0.754ms returns 5 (0x5)
T51EC 5249:313.280 JLINK_WriteReg(R15 (PC), 0x28040868)
T51EC 5249:313.280 - 0.014ms returns 0
T51EC 5249:313.280 JLINK_ReadRegs(NumRegs = 1)
T51EC 5249:313.280     R0 (0)  = 0x00              
T51EC 5249:313.280 - 0.026ms returns 0x00
T51EC 5249:313.280 JLINK_ReadRegs(NumRegs = 1)
T51EC 5249:313.280     R1 (1)  = 0x2804046D        
T51EC 5249:313.280 - 0.024ms returns 0x00
T51EC 5249:313.280 JLINK_ReadRegs(NumRegs = 1)
T51EC 5249:313.280     R2 (2)  = 0xA0000000        
T51EC 5249:313.280 - 0.025ms returns 0x00
T51EC 5249:313.280 JLINK_ReadRegs(NumRegs = 1)
T51EC 5249:313.280     R3 (3)  = 0xA0000000        
T51EC 5249:313.280 - 0.024ms returns 0x00
T51EC 5249:313.280 JLINK_ReadRegs(NumRegs = 1)
T51EC 5249:313.280     R4 (4)  = 0x01              
T51EC 5249:313.280 - 0.024ms returns 0x00
T51EC 5249:313.280 JLINK_ReadRegs(NumRegs = 1)
T51EC 5249:313.280     R5 (5)  = 0x17007C00        
T51EC 5249:313.280 - 0.024ms returns 0x00
T51EC 5249:313.792 JLINK_ReadRegs(NumRegs = 1)
T51EC 5249:313.792     R6 (6)  = 0x10000000        
T51EC 5249:313.792 - 0.038ms returns 0x00
T51EC 5249:313.792 JLINK_ReadRegs(NumRegs = 1)
T51EC 5249:313.792     R7 (7)  = 0x17007C00        
T51EC 5249:313.792 - 0.025ms returns 0x00
T51EC 5249:313.792 JLINK_ReadRegs(NumRegs = 1)
T51EC 5249:313.792     R8 (8)  = 0xBE4D7D3D        
T51EC 5249:313.792 - 0.033ms returns 0x00
T51EC 5249:313.792 JLINK_ReadRegs(NumRegs = 1)
T51EC 5249:313.792     R9 (9)  = 0x8BB4D65F        
T51EC 5249:313.792 - 0.025ms returns 0x00
T51EC 5249:313.792 JLINK_ReadRegs(NumRegs = 1)
T51EC 5249:313.792     R10 (10) = 0x650BE897        
T51EC 5249:313.792 - 0.025ms returns 0x00
T51EC 5249:313.792 JLINK_ReadRegs(NumRegs = 1)
T51EC 5249:313.792     R11 (11) = 0x639F76DB        
T51EC 5249:313.792 - 0.024ms returns 0x00
T51EC 5249:313.792 JLINK_ReadRegs(NumRegs = 1)
T51EC 5249:313.792     R12 (12) = 0x280BF334        
T51EC 5249:313.792 - 0.024ms returns 0x00
T51EC 5249:313.792 JLINK_ReadRegs(NumRegs = 1)
T51EC 5249:313.792     MSP (17) = 0x28080000        
T51EC 5249:313.792 - 0.024ms returns 0x00
T51EC 5249:313.792 JLINK_ReadRegs(NumRegs = 1)
T51EC 5249:313.792     PSP (18) = 0x2801FFF8        
T51EC 5249:313.792 - 0.025ms returns 0x00
T51EC 5249:313.792 JLINK_ReadRegs(NumRegs = 1)
T51EC 5249:313.792     R14 (14) = 0x28040861        
T51EC 5249:313.792 - 0.024ms returns 0x00
T51EC 5249:313.792 JLINK_ReadRegs(NumRegs = 1)
T51EC 5249:313.792     R15 (PC) (15) = 0x28040868        
T51EC 5249:313.792 - 0.039ms returns 0x00
T51EC 5249:313.792 JLINK_ReadRegs(NumRegs = 1)
T51EC 5249:313.792     XPSR (16) = 0x61000000        
T51EC 5249:313.792 - 0.024ms returns 0x00
T51EC 5249:313.792 JLINK_ReadRegs(NumRegs = 1)
T51EC 5249:313.792     CFBP (20) = 0x00              
T51EC 5249:313.792 - 0.025ms returns 0x00
T51EC 5249:313.792 JLINK_WriteReg(XPSR, 0x61000000)
T51EC 5249:313.792 - 0.013ms returns 0
T51EC 5249:313.792 JLINK_ReadRegs(NumRegs = 1)
T51EC 5249:313.792     R15 (PC) (15) = 0x28040868        
T51EC 5249:313.792 - 0.037ms returns 0x00
T51EC 5249:313.792 JLINK_ReadMemU16(0x28040868, 0x1 Items)
T51EC 5249:313.792   CPU_ReadMem(64 bytes @ 0x28040840)
T51EC 5249:314.816    -- Updating C cache (64 bytes @ 0x28040840)
T51EC 5249:314.816    -- Read from C cache (2 bytes @ 0x28040868)
T51EC 5249:314.816   Data:  FF F7
T51EC 5249:314.816 - 0.729ms returns 1 (0x1)
T51EC 5249:314.816 JLINK_WriteVectorCatch(0x00000000)
T51EC 5249:314.816 - 0.016ms returns 0
T51EC 5249:314.816 JLINK_ReadMemU32(0xE000EDFC, 0x1 Items)
T51EC 5249:314.816   Data:  00 00 00 01
T51EC 5249:314.816   Debug reg: DEMCR
T51EC 5249:314.816 - 0.039ms returns 1 (0x1)
T51EC 5249:314.816 JLINK_WriteU32(0xE000EDFC, 0x01000000)
T51EC 5249:314.816   Debug reg: DEMCR
T51EC 5249:314.816 - 0.027ms returns 0 (0x00000000)
T51EC 5249:314.816 JLINK_WriteU32(0xE0001028, 0x00000000)
T51EC 5249:314.816   Debug reg: DWT_FUNC[0]
T51EC 5249:314.816 - 0.025ms returns 0 (0x00000000)
T51EC 5249:314.816 JLINK_WriteU32(0xE0001038, 0x00000000)
T51EC 5249:314.816   Debug reg: DWT_FUNC[1]
T51EC 5249:314.816 - 0.026ms returns 0 (0x00000000)
T51EC 5249:315.328 JLINK_Go()
T51EC 5249:315.328   CPU_ReadMem(4 bytes @ 0xE0001000)
T51EC 5249:315.328   CPU_WriteMem(4 bytes @ 0xE0001028)
T51EC 5249:315.328   CPU_WriteMem(4 bytes @ 0xE0001038)
T51EC 5249:316.864 - 1.816ms 
T51EC 5249:318.400 JLINK_GetHWStatus(...)
T51EC 5249:318.400 - 0.170ms returns 0
T51EC 5249:318.400 JLINK_IsHalted()
T51EC 5249:321.984   CPU_ReadMem(2 bytes @ 0x280400CC)
T51EC 5249:321.984 - 3.472ms returns TRUE
T51EC 5249:321.984 JLINK_ReadRegs(NumRegs = 1)
T51EC 5249:321.984     R15 (PC) (15) = 0x280400CC        
T51EC 5249:321.984 - 0.030ms returns 0x00
T51EC 5249:321.984 JLINK_ReadMemU16(0x280400CC, 0x1 Items)
T51EC 5249:321.984    -- Merging existing BP[0]: 0xE7FE @ 0x280400CC
T51EC 5249:321.984    -- Merging existing BP[0]: 0xE7FE @ 0x280400CC
T51EC 5249:321.984   Data:  FE E7
T51EC 5249:321.984 - 0.057ms returns 1 (0x1)
T51EC 5249:321.984 JLINK_ReadMemU32(0xE000EDFC, 0x1 Items)
T51EC 5249:321.984   Data:  00 00 00 01
T51EC 5249:321.984   Debug reg: DEMCR
T51EC 5249:321.984 - 0.041ms returns 1 (0x1)
T51EC 5249:321.984 JLINK_WriteU32(0xE000EDFC, 0x01000000)
T51EC 5249:321.984   Debug reg: DEMCR
T51EC 5249:321.984 - 0.030ms returns 0 (0x00000000)
T51EC 5249:321.984 JLINK_WriteVectorCatch(0x00000000)
T51EC 5249:322.496 - 0.014ms returns 0
T51EC 5249:322.496 JLINK_WriteU32(0xE0001028, 0x00000000)
T51EC 5249:322.496   Debug reg: DWT_FUNC[0]
T51EC 5249:322.496 - 0.026ms returns 0 (0x00000000)
T51EC 5249:322.496 JLINK_WriteU32(0xE0001038, 0x00000000)
T51EC 5249:322.496   Debug reg: DWT_FUNC[1]
T51EC 5249:322.496 - 0.026ms returns 0 (0x00000000)
T51EC 5249:322.496 JLINK_ReadMemU32(0x2807FE28, 0x5 Items)
T51EC 5249:322.496   CPU_ReadMem(64 bytes @ 0x2807FE00)
T51EC 5249:323.520    -- Updating C cache (64 bytes @ 0x2807FE00)
T51EC 5249:323.520    -- Read from C cache (20 bytes @ 0x2807FE28)
T51EC 5249:323.520   Data:  00 00 00 10 00 00 00 00 00 00 00 00 00 09 04 28 ...
T51EC 5249:323.520 - 0.782ms returns 5 (0x5)
T51EC 5249:323.520 JLINK_ReadRegs(NumRegs = 1)
T51EC 5249:323.520     R14 (14) = 0x28040871        
T51EC 5249:323.520 - 0.029ms returns 0x00
T51EC 5249:323.520 JLINK_ReadRegs(NumRegs = 1)
T51EC 5249:323.520     R0 (0)  = 0x17007C00        
T51EC 5249:323.520 - 0.026ms returns 0x00
T51EC 5249:323.520 JLINK_ReadRegs(NumRegs = 1)
T51EC 5249:324.032     R1 (1)  = 0x2807FE28        
T51EC 5249:324.032 - 0.025ms returns 0x00
T51EC 5249:324.032 JLINK_ReadRegs(NumRegs = 1)
T51EC 5249:324.032     R2 (2)  = 0x4024F500        
T51EC 5249:324.032 - 0.027ms returns 0x00
T51EC 5249:324.032 JLINK_ReadRegs(NumRegs = 1)
T51EC 5249:324.032     R3 (3)  = 0xA0000000        
T51EC 5249:324.032 - 0.025ms returns 0x00
T51EC 5249:324.032 JLINK_ReadRegs(NumRegs = 1)
T51EC 5249:324.032     R4 (4)  = 0x01              
T51EC 5249:324.032 - 0.025ms returns 0x00
T51EC 5249:324.032 JLINK_ReadRegs(NumRegs = 1)
T51EC 5249:324.032     R5 (5)  = 0x17007C00        
T51EC 5249:324.032 - 0.024ms returns 0x00
T51EC 5249:324.032 JLINK_ReadRegs(NumRegs = 1)
T51EC 5249:324.032     R6 (6)  = 0x10000000        
T51EC 5249:324.032 - 0.032ms returns 0x00
T51EC 5249:324.032 JLINK_ReadRegs(NumRegs = 1)
T51EC 5249:324.032     R7 (7)  = 0x17007C00        
T51EC 5249:324.032 - 0.046ms returns 0x00
T51EC 5249:324.032 JLINK_ReadRegs(NumRegs = 1)
T51EC 5249:324.032     R8 (8)  = 0xBE4D7D3D        
T51EC 5249:324.032 - 0.039ms returns 0x00
T51EC 5249:324.032 JLINK_ReadRegs(NumRegs = 1)
T51EC 5249:324.032     R9 (9)  = 0x8BB4D65F        
T51EC 5249:324.032 - 0.046ms returns 0x00
T51EC 5249:324.032 JLINK_ReadRegs(NumRegs = 1)
T51EC 5249:324.032     R10 (10) = 0x650BE897        
T51EC 5249:324.032 - 0.036ms returns 0x00
T51EC 5249:324.032 JLINK_ReadRegs(NumRegs = 1)
T51EC 5249:324.032     R11 (11) = 0x639F76DB        
T51EC 5249:324.032 - 0.035ms returns 0x00
T51EC 5249:324.032 JLINK_ReadRegs(NumRegs = 1)
T51EC 5249:324.032     R12 (12) = 0x280BF334        
T51EC 5249:324.032 - 0.037ms returns 0x00
T51EC 5249:324.032 JLINK_ReadRegs(NumRegs = 1)
T51EC 5249:324.032     MSP (17) = 0x28080000        
T51EC 5249:324.032 - 0.038ms returns 0x00
T51EC 5249:324.032 JLINK_ReadRegs(NumRegs = 1)
T51EC 5249:324.032     PSP (18) = 0x2801FFF8        
T51EC 5249:324.032 - 0.041ms returns 0x00
T51EC 5249:324.032 JLINK_ReadRegs(NumRegs = 1)
T51EC 5249:324.032     R14 (14) = 0x28040871        
T51EC 5249:324.032 - 0.026ms returns 0x00
T51EC 5249:324.032 JLINK_ReadRegs(NumRegs = 1)
T51EC 5249:324.032     R15 (PC) (15) = 0x280400CC        
T51EC 5249:324.544 - 0.026ms returns 0x00
T51EC 5249:324.544 JLINK_ReadRegs(NumRegs = 1)
T51EC 5249:324.544     XPSR (16) = 0x61000000        
T51EC 5249:324.544 - 0.026ms returns 0x00
T51EC 5249:324.544 JLINK_ReadRegs(NumRegs = 1)
T51EC 5249:324.544     CFBP (20) = 0x00              
T51EC 5249:324.544 - 0.025ms returns 0x00
T0C58 5249:373.184 JLINK_ClrBPEx(BPHandle = 0x00000001)
T0C58 5249:373.184 - 0.058ms returns 0x00
T0C58 5249:373.184 JLINK_WriteVectorCatch(0x00000000)
T0C58 5249:373.184 - 0.019ms returns 0
T0C58 5249:398.784 JLINK_SetResetType(JLINKARM_CM3_RESET_TYPE_NORMAL)
T0C58 5249:398.784 - 0.058ms returns JLINKARM_CM3_RESET_TYPE_NORMAL
T0C58 5249:398.784 JLINK_ExecCommand("SetResetPulseLen = 200", ...). 
T0C58 5249:398.784 - 0.001ms returns 0xC8
T0C58 5249:398.784 JLINK_SetResetDelay(0)
T0C58 5249:398.784 - 0.012ms 
T0C58 5249:398.784 JLINK_ResetPullsRESET(ON)
T0C58 5249:398.784 - 0.012ms 
T0C58 5249:398.784 JLINK_Reset()
T0C58 5249:398.784   CPU_ReadMem(4 bytes @ 0x2807FE28)
T0C58 5249:399.296   CPU_WriteMem(4 bytes @ 0x2807FE28)
T0C58 5249:399.808   CPU_WriteMem(4 bytes @ 0xE0001028)
T0C58 5249:399.808   CPU_WriteMem(4 bytes @ 0xE0001038)
T0C58 5249:399.808   Memory map 'before startup completion point' is active
T0C58 5249:399.808   JLINK_GetResetTypeDesc
T0C58 5249:399.808   - 0.013ms 
T0C58 5249:399.808   Reset type: NORMAL (https://kb.segger.com/J-Link_Reset_Strategies)
T0C58 5249:399.808   CPU_WriteMem(4 bytes @ 0xE000EDF0)
T0C58 5249:400.320   CPU_WriteMem(4 bytes @ 0xE000EDFC)
T0C58 5249:400.832   Reset: Halt core after reset via DEMCR.VC_CORERESET.
T0C58 5249:401.344   Reset: Reset device via AIRCR.SYSRESETREQ.
T0C58 5249:401.344   CPU_WriteMem(4 bytes @ 0xE000ED0C)
T0C58 5249:454.592   CPU_ReadMem(4 bytes @ 0xE000EDF0)
T0C58 5249:455.104   CPU_ReadMem(4 bytes @ 0xE000EDF0)
T0C58 5249:455.104   CPU_WriteMem(4 bytes @ 0xE000EDFC)
T0C58 5249:461.248   CPU_ReadMem(4 bytes @ 0xE000EDF0)
T0C58 5249:464.320   CPU_WriteMem(4 bytes @ 0xE0002000)
T0C58 5249:464.832   CPU_ReadMem(4 bytes @ 0xE000EDFC)
T0C58 5249:465.344   CPU_ReadMem(4 bytes @ 0xE0001000)
T0C58 5249:465.344   CPU_WriteMem(4 bytes @ 0xE0001000)
T0C58 5249:465.344 - 66.869ms 
T0C58 5249:465.344 JLINK_GetHWStatus(...)
T0C58 5249:465.856 - 0.127ms returns 0
T0C58 5249:465.856 JLINK_IsHalted()
T0C58 5249:465.856 - 0.030ms returns TRUE
T0C58 5249:465.856 JLINK_ReadMemU32(0xE000EDFC, 0x1 Items)
T0C58 5249:465.856   CPU_ReadMem(4 bytes @ 0xE000EDFC)
T0C58 5249:466.368   Data:  00 00 00 01
T0C58 5249:466.368   Debug reg: DEMCR
T0C58 5249:466.368 - 0.374ms returns 1 (0x1)
T0C58 5249:466.368 JLINK_WriteU32(0xE000EDFC, 0x01000000)
T0C58 5249:466.368   Debug reg: DEMCR
T0C58 5249:466.368 - 0.046ms returns 0 (0x00000000)
T0C58 5249:466.368 JLINK_ReadMemU32(0xE0001004, 0x1 Items)
T0C58 5249:466.368   CPU_ReadMem(4 bytes @ 0xE0001004)
T0C58 5249:466.880   Data:  00 00 00 00
T0C58 5249:466.880   Debug reg: DWT_CYCCNT
T0C58 5249:466.880 - 0.402ms returns 1 (0x1)
T0C58 5249:490.944 JLINK_ReadMemU32(0x40240000, 0x1 Items)
T0C58 5249:490.944   CPU_ReadMem(4 bytes @ 0x40240000)
T0C58 5249:491.456   Data:  00 00 01 01
T0C58 5249:491.456 - 0.360ms returns 1 (0x1)
T0C58 5249:512.960 JLINK_BeginDownload(Flags = 0x00000003)
T0C58 5249:512.960 - 0.067ms 
T0C58 5250:081.792 JLINK_EndDownload()
T0C58 5250:081.792 - 0.062ms returns 0 (0x0)
T0C58 5250:081.792 JLINK_ReadMemU32(0x10000000, 0x800 Items)
T0C58 5250:081.792   CPU_ReadMem(8192 bytes @ 0x10000000)
T0C58 5250:132.992    -- Updating C cache (8192 bytes @ 0x10000000)
T0C58 5250:133.504    -- Read from C cache (8192 bytes @ 0x10000000)
T0C58 5250:133.504   Data:  00 00 02 28 81 52 00 10 8D 55 00 10 D9 53 00 10 ...
T0C58 5250:133.504 - 51.703ms returns 2048 (0x800)
T0C58 5250:133.504 JLINK_ReadMemU32(0x10002000, 0x800 Items)
T0C58 5250:133.504   CPU_ReadMem(8192 bytes @ 0x10002000)
T0C58 5250:185.216    -- Updating C cache (8192 bytes @ 0x10002000)
T0C58 5250:185.216    -- Read from C cache (8192 bytes @ 0x10002000)
T0C58 5250:185.216   Data:  52 1C 28 23 E3 5C 9A 42 F5 D3 14 98 00 0C 00 04 ...
T0C58 5250:185.216 - 51.600ms returns 2048 (0x800)
T0C58 5250:185.216 JLINK_ReadMemU32(0x10004000, 0x5D3 Items)
T0C58 5250:185.216   CPU_ReadMem(6016 bytes @ 0x10004000)
T0C58 5250:223.104    -- Updating C cache (6016 bytes @ 0x10004000)
T0C58 5250:223.104    -- Read from C cache (5964 bytes @ 0x10004000)
T0C58 5250:223.104   Data:  00 09 31 40 08 10 00 28 3C 10 00 28 45 3D 00 10 ...
T0C58 5250:223.104 - 38.012ms returns 1491 (0x5D3)
T0C58 5250:223.104 JLINK_ReadMemU8(0x1000574C, 0x1 Items)
T0C58 5250:223.104    -- Read from C cache (1 bytes @ 0x1000574C)
T0C58 5250:223.104   Data:  00
T0C58 5250:223.104 - 0.044ms returns 1 (0x1)
T0C58 5250:234.368 JLINK_CORESIGHT_WriteAPDPReg(DP reg 0x02, 0x01000000)
T0C58 5250:234.368 - 0.220ms returns 0
T0C58 5250:234.880 JLINK_CORESIGHT_ReadAPDPReg(AP reg 0x00)
T0C58 5250:234.880   Value=0x03800052
T0C58 5250:234.880 - 0.259ms returns 0
T0C58 5250:234.880 JLINK_CORESIGHT_WriteAPDPReg(AP reg 0x00, 0x03800042)
T0C58 5250:235.392 - 0.200ms returns 0
T0C58 5250:235.392 JLINK_CORESIGHT_WriteAPDPReg(AP reg 0x01, 0x17000000)
T0C58 5250:235.392 - 0.255ms returns 0
T0C58 5250:235.392 JLINK_CORESIGHT_ReadAPDPReg(AP reg 0x03)
T0C58 5250:235.392   Value=0xE91912FF
T0C58 5250:235.392 - 0.306ms returns 0
T0C58 5250:235.392 JLINK_CORESIGHT_WriteAPDPReg(DP reg 0x02, 0x01000000)
T0C58 5250:235.904 - 0.154ms returns 0
T0C58 5250:235.904 JLINK_CORESIGHT_ReadAPDPReg(AP reg 0x00)
T0C58 5250:235.904   Value=0x03800042
T0C58 5250:235.904 - 0.213ms returns 0
T0C58 5250:235.904 JLINK_CORESIGHT_WriteAPDPReg(AP reg 0x01, 0xF0000FEC)
T0C58 5250:236.416 - 0.147ms returns 0
T0C58 5250:236.416 JLINK_CORESIGHT_ReadAPDPReg(AP reg 0x03)
T0C58 5250:236.416   Value=0x00000020
T0C58 5250:236.416 - 0.288ms returns 0
T0C58 5250:236.928 JLINK_CORESIGHT_WriteAPDPReg(DP reg 0x02, 0x01000000)
T0C58 5250:236.928 - 0.140ms returns 0
T0C58 5250:236.928 JLINK_CORESIGHT_ReadAPDPReg(AP reg 0x00)
T0C58 5250:237.440   Value=0x03800042
T0C58 5250:237.440 - 0.289ms returns 0
T0C58 5250:237.440 JLINK_CORESIGHT_WriteAPDPReg(AP reg 0x01, 0x17002004)
T0C58 5250:237.440 - 0.177ms returns 0
T0C58 5250:237.440 JLINK_CORESIGHT_ReadAPDPReg(AP reg 0x03)
T0C58 5250:237.440   Value=0x23018001
T0C58 5250:237.440 - 0.279ms returns 0
T0C58 5250:237.440 JLINK_CORESIGHT_WriteAPDPReg(DP reg 0x02, 0x01000000)
T0C58 5250:237.440 - 0.186ms returns 0
T0C58 5250:237.440 JLINK_CORESIGHT_ReadAPDPReg(AP reg 0x00)
T0C58 5250:237.952   Value=0x03800042
T0C58 5250:237.952 - 0.277ms returns 0
T0C58 5250:237.952 JLINK_CORESIGHT_WriteAPDPReg(AP reg 0x01, 0x17007DF8)
T0C58 5250:238.464 - 0.169ms returns 0
T0C58 5250:238.464 JLINK_CORESIGHT_ReadAPDPReg(AP reg 0x03)
T0C58 5250:238.464   Value=0x00000243
T0C58 5250:238.464 - 0.280ms returns 0
T0C58 5250:238.464 JLINK_CORESIGHT_WriteAPDPReg(DP reg 0x02, 0x01000000)
T0C58 5250:238.976 - 0.162ms returns 0
T0C58 5250:238.976 JLINK_CORESIGHT_ReadAPDPReg(AP reg 0x00)
T0C58 5250:238.976   Value=0x03800042
T0C58 5250:239.488 - 0.278ms returns 0
T0C58 5250:239.488 JLINK_CORESIGHT_WriteAPDPReg(AP reg 0x01, 0x402020C4)
T0C58 5250:239.488 - 0.185ms returns 0
T0C58 5250:239.488 JLINK_CORESIGHT_ReadAPDPReg(AP reg 0x03)
T0C58 5250:239.488   Value=0x00000002
T0C58 5250:239.488 - 0.283ms returns 0
T0C58 5250:239.488 JLINK_CORESIGHT_WriteAPDPReg(DP reg 0x02, 0x01000000)
T0C58 5250:239.488 - 0.144ms returns 0
T0C58 5250:239.488 JLINK_CORESIGHT_ReadAPDPReg(AP reg 0x00)
T0C58 5250:240.000   Value=0x03800042
T0C58 5250:240.000 - 0.276ms returns 0
T0C58 5250:240.000 JLINK_CORESIGHT_WriteAPDPReg(AP reg 0x01, 0x17002018)
T0C58 5250:240.000 - 0.187ms returns 0
T0C58 5250:240.512 JLINK_CORESIGHT_ReadAPDPReg(AP reg 0x03)
T0C58 5250:240.512   Value=0x0000022A
T0C58 5250:240.512 - 0.256ms returns 0
T0C58 5250:240.512 JLINK_CORESIGHT_WriteAPDPReg(DP reg 0x02, 0x01000000)
T0C58 5250:241.024 - 0.150ms returns 0
T0C58 5250:241.024 JLINK_CORESIGHT_ReadAPDPReg(AP reg 0x00)
T0C58 5250:241.024   Value=0x03800042
T0C58 5250:241.024 - 0.272ms returns 0
T0C58 5250:241.024 JLINK_CORESIGHT_WriteAPDPReg(AP reg 0x01, 0xF0000FE0)
T0C58 5250:241.536 - 0.162ms returns 0
T0C58 5250:241.536 JLINK_CORESIGHT_ReadAPDPReg(AP reg 0x03)
T0C58 5250:241.536   Value=0x00000007
T0C58 5250:241.536 - 0.291ms returns 0
T0C58 5250:241.536 JLINK_CORESIGHT_WriteAPDPReg(DP reg 0x02, 0x01000000)
T0C58 5250:241.536 - 0.148ms returns 0
T0C58 5250:241.536 JLINK_CORESIGHT_ReadAPDPReg(AP reg 0x00)
T0C58 5250:242.048   Value=0x03800042
T0C58 5250:242.048 - 0.309ms returns 0
T0C58 5250:242.048 JLINK_CORESIGHT_WriteAPDPReg(AP reg 0x01, 0xF0000FE4)
T0C58 5250:242.048 - 0.170ms returns 0
T0C58 5250:242.048 JLINK_CORESIGHT_ReadAPDPReg(AP reg 0x03)
T0C58 5250:242.560   Value=0x00000041
T0C58 5250:242.560 - 0.311ms returns 0
T0C58 5250:243.072 JLINK_CORESIGHT_WriteAPDPReg(DP reg 0x02, 0x01000000)
T0C58 5250:243.072 - 0.206ms returns 0
T0C58 5250:243.072 JLINK_CORESIGHT_ReadAPDPReg(AP reg 0x00)
T0C58 5250:243.584   Value=0x03800042
T0C58 5250:243.584 - 0.294ms returns 0
T0C58 5250:243.584 JLINK_CORESIGHT_WriteAPDPReg(AP reg 0x01, 0xF0000FE8)
T0C58 5250:243.584 - 0.148ms returns 0
T0C58 5250:243.584 JLINK_CORESIGHT_ReadAPDPReg(AP reg 0x03)
T0C58 5250:243.584   Value=0x0000001B
T0C58 5250:243.584 - 0.300ms returns 0
T0C58 5250:244.096 JLINK_SetResetType(JLINKARM_CM3_RESET_TYPE_NORMAL)
T0C58 5250:244.096 - 0.037ms returns JLINKARM_CM3_RESET_TYPE_NORMAL
T0C58 5250:244.096 JLINK_ExecCommand("SetResetPulseLen = 200", ...). 
T0C58 5250:244.096 - 0.002ms returns 0xC8
T0C58 5250:244.096 JLINK_SetResetDelay(0)
T0C58 5250:244.096 - 0.018ms 
T0C58 5250:244.096 JLINK_ResetPullsRESET(ON)
T0C58 5250:244.096 - 0.017ms 
T0C58 5250:244.096 JLINK_Reset()
T0C58 5250:244.096   JLINK_GetResetTypeDesc
T0C58 5250:244.608   - 0.017ms 
T0C58 5250:244.608   Reset type: NORMAL (https://kb.segger.com/J-Link_Reset_Strategies)
T0C58 5250:244.608   CPU_WriteMem(4 bytes @ 0xE000EDF0)
T0C58 5250:245.120   CPU_WriteMem(4 bytes @ 0xE000EDFC)
T0C58 5250:245.120   Reset: Halt core after reset via DEMCR.VC_CORERESET.
T0C58 5250:245.632   Reset: Reset device via AIRCR.SYSRESETREQ.
T0C58 5250:245.632   CPU_WriteMem(4 bytes @ 0xE000ED0C)
T0C58 5250:398.208   CPU_ReadMem(4 bytes @ 0xE000EDF0)
T0C58 5250:398.720   CPU_ReadMem(4 bytes @ 0xE000EDF0)
T0C58 5250:399.232   CPU_WriteMem(4 bytes @ 0xE000EDFC)
T0C58 5250:405.376   CPU_ReadMem(4 bytes @ 0xE000EDF0)
T0C58 5250:408.960   CPU_WriteMem(4 bytes @ 0xE0002000)
T0C58 5250:409.472   CPU_ReadMem(4 bytes @ 0xE000EDFC)
T0C58 5250:409.472   CPU_ReadMem(4 bytes @ 0xE0001000)
T0C58 5250:409.984   CPU_WriteMem(4 bytes @ 0xE0001000)
T0C58 5250:410.496 - 166.017ms 
T0C58 5250:410.496 JLINK_GetHWStatus(...)
T0C58 5250:410.496 - 0.159ms returns 0
T0C58 5250:411.008 JLINK_IsHalted()
T0C58 5250:411.008 - 0.016ms returns TRUE
T0C58 5250:411.008 JLINK_ReadMemU32(0xE000EDFC, 0x1 Items)
T0C58 5250:411.008   CPU_ReadMem(4 bytes @ 0xE000EDFC)
T0C58 5250:411.008   Data:  00 00 00 01
T0C58 5250:411.520   Debug reg: DEMCR
T0C58 5250:411.520 - 0.392ms returns 1 (0x1)
T0C58 5250:411.520 JLINK_BeginDownload(Flags = 0x00000001)
T0C58 5250:411.520 - 0.014ms 
T0C58 5250:411.520 JLINK_WriteU32(0xE000EDFC, 0x01000000)
T0C58 5250:411.520   Debug reg: DEMCR
T0C58 5250:411.520 - 0.037ms returns 0 (0x00000000)
T0C58 5250:411.520 JLINK_EndDownload()
T0C58 5250:411.520 - 0.013ms returns 0 (0x0)
T0C58 5250:411.520 JLINK_ReadMemU32(0xE0001004, 0x1 Items)
T0C58 5250:411.520   CPU_ReadMem(4 bytes @ 0xE0001004)
T0C58 5250:411.520   Data:  00 00 00 00
T0C58 5250:411.520   Debug reg: DWT_CYCCNT
T0C58 5250:411.520 - 0.353ms returns 1 (0x1)
T0C58 5250:411.520 JLINK_ReadMemU32(0x10000000, 0x1 Items)
T0C58 5250:411.520   CPU_ReadMem(64 bytes @ 0x10000000)
T0C58 5250:412.544    -- Updating C cache (64 bytes @ 0x10000000)
T0C58 5250:412.544    -- Read from C cache (4 bytes @ 0x10000000)
T0C58 5250:412.544   Data:  00 00 02 28
T0C58 5250:412.544 - 0.819ms returns 1 (0x1)
T0C58 5250:412.544 JLINK_ReadMemU32(0x10000004, 0x1 Items)
T0C58 5250:412.544    -- Read from C cache (4 bytes @ 0x10000004)
T0C58 5250:412.544   Data:  81 52 00 10
T0C58 5250:412.544 - 0.040ms returns 1 (0x1)
T0C58 5250:412.544 JLINK_ReadRegs(NumRegs = 1)
T0C58 5250:412.544     MSP (17) = 0x280BF800        
T0C58 5250:412.544 - 0.028ms returns 0x00
T0C58 5250:412.544 JLINK_ReadRegs(NumRegs = 1)
T0C58 5250:412.544     PSP (18) = 0x2801FFF8        
T0C58 5250:412.544 - 0.026ms returns 0x00
T0C58 5250:412.544 JLINK_ReadRegs(NumRegs = 1)
T0C58 5250:412.544     CFBP (20) = 0x00              
T0C58 5250:412.544 - 0.026ms returns 0x00
T0C58 5250:412.544 JLINK_WriteReg(MSP, 0x28020000)
T0C58 5250:412.544 - 0.014ms returns 0
T0C58 5250:412.544 JLINK_ReadRegs(NumRegs = 1)
T0C58 5250:412.544     R15 (PC) (15) = 0x114             
T0C58 5250:412.544 - 0.027ms returns 0x00
T0C58 5250:412.544 JLINK_WriteReg(R15 (PC), 0x10005280)
T0C58 5250:413.056 - 0.014ms returns 0
T0C58 5250:413.056 JLINK_ReadRegs(NumRegs = 1)
T0C58 5250:413.056     R0 (0)  = 0x5FA0000         
T0C58 5250:413.056 - 0.027ms returns 0x00
T0C58 5250:413.056 JLINK_ReadRegs(NumRegs = 1)
T0C58 5250:413.056     R1 (1)  = 0x40201000        
T0C58 5250:413.056 - 0.031ms returns 0x00
T0C58 5250:413.056 JLINK_ReadRegs(NumRegs = 1)
T0C58 5250:413.056     R2 (2)  = 0x4E20            
T0C58 5250:413.056 - 0.027ms returns 0x00
T0C58 5250:413.056 JLINK_ReadRegs(NumRegs = 1)
T0C58 5250:413.056     R3 (3)  = 0x20002           
T0C58 5250:413.056 - 0.027ms returns 0x00
T0C58 5250:413.056 JLINK_ReadRegs(NumRegs = 1)
T0C58 5250:413.056     R4 (4)  = 0x01              
T0C58 5250:413.056 - 0.027ms returns 0x00
T0C58 5250:413.056 JLINK_ReadRegs(NumRegs = 1)
T0C58 5250:413.056     R5 (5)  = 0x17007C00        
T0C58 5250:413.056 - 0.029ms returns 0x00
T0C58 5250:413.056 JLINK_ReadRegs(NumRegs = 1)
T0C58 5250:413.056     R6 (6)  = 0x10000000        
T0C58 5250:413.056 - 0.028ms returns 0x00
T0C58 5250:413.056 JLINK_ReadRegs(NumRegs = 1)
T0C58 5250:413.056     R7 (7)  = 0x17007C00        
T0C58 5250:413.056 - 0.027ms returns 0x00
T0C58 5250:413.056 JLINK_ReadRegs(NumRegs = 1)
T0C58 5250:413.056     R8 (8)  = 0xBE4D7D3D        
T0C58 5250:413.056 - 0.027ms returns 0x00
T0C58 5250:413.568 JLINK_ReadRegs(NumRegs = 1)
T0C58 5250:413.568     R9 (9)  = 0x8BB4D65F        
T0C58 5250:413.568 - 0.027ms returns 0x00
T0C58 5250:413.568 JLINK_ReadRegs(NumRegs = 1)
T0C58 5250:413.568     R10 (10) = 0x650BE897        
T0C58 5250:413.568 - 0.026ms returns 0x00
T0C58 5250:413.568 JLINK_ReadRegs(NumRegs = 1)
T0C58 5250:413.568     R11 (11) = 0x639F76DB        
T0C58 5250:413.568 - 0.026ms returns 0x00
T0C58 5250:413.568 JLINK_ReadRegs(NumRegs = 1)
T0C58 5250:413.568     R12 (12) = 0x280BF334        
T0C58 5250:413.568 - 0.027ms returns 0x00
T0C58 5250:413.568 JLINK_ReadRegs(NumRegs = 1)
T0C58 5250:413.568     MSP (17) = 0x28020000        
T0C58 5250:413.568 - 0.025ms returns 0x00
T0C58 5250:413.568 JLINK_ReadRegs(NumRegs = 1)
T0C58 5250:413.568     PSP (18) = 0x2801FFF8        
T0C58 5250:413.568 - 0.025ms returns 0x00
T0C58 5250:413.568 JLINK_ReadRegs(NumRegs = 1)
T0C58 5250:413.568     R14 (14) = 0x17003883        
T0C58 5250:413.568 - 0.026ms returns 0x00
T0C58 5250:413.568 JLINK_ReadRegs(NumRegs = 1)
T0C58 5250:413.568     R15 (PC) (15) = 0x10005280        
T0C58 5250:413.568 - 0.026ms returns 0x00
T0C58 5250:413.568 JLINK_ReadRegs(NumRegs = 1)
T0C58 5250:413.568     XPSR (16) = 0x61000000        
T0C58 5250:413.568 - 0.027ms returns 0x00
T0C58 5250:413.568 JLINK_ReadRegs(NumRegs = 1)
T0C58 5250:413.568     CFBP (20) = 0x00              
T0C58 5250:413.568 - 0.026ms returns 0x00
T0C58 5250:413.568 JLINK_WriteReg(XPSR, 0x61000000)
T0C58 5250:413.568 - 0.016ms returns 0
T0C58 5250:413.568 JLINK_ReadRegs(NumRegs = 1)
T0C58 5250:413.568     R15 (PC) (15) = 0x10005280        
T0C58 5250:413.568 - 0.026ms returns 0x00
T0C58 5250:413.568 JLINK_SetBPEx(Addr = 0x10005364, Type = 0xFFFFFFF2)
T0C58 5250:413.568 - 0.033ms returns 0x00000002
T0C58 5250:414.080 JLINK_WriteVectorCatch(0x00000000)
T0C58 5250:414.080 - 0.017ms returns 0
T0C58 5250:421.248 JLINK_ReadMemU32(0x40240000, 0x1 Items)
T0C58 5250:421.248   CPU_ReadMem(4 bytes @ 0x40240000)
T0C58 5250:421.760   Data:  00 00 01 01
T0C58 5250:421.760 - 0.417ms returns 1 (0x1)
T51EC 5250:440.704 JLINK_ReadMemU16(0x10005280, 0x1 Items)
T51EC 5250:441.216   CPU_ReadMem(64 bytes @ 0x10005280)
T51EC 5250:441.728    -- Updating C cache (64 bytes @ 0x10005280)
T51EC 5250:442.240    -- Read from C cache (2 bytes @ 0x10005280)
T51EC 5250:442.240   Data:  72 B6
T51EC 5250:442.240 - 0.928ms returns 1 (0x1)
T51EC 5250:442.240 JLINK_WriteVectorCatch(0x00000000)
T51EC 5250:442.240 - 0.018ms returns 0
T51EC 5250:442.240 JLINK_ReadMemU32(0xE000EDFC, 0x1 Items)
T51EC 5250:442.240   Data:  00 00 00 01
T51EC 5250:442.240   Debug reg: DEMCR
T51EC 5250:442.240 - 0.044ms returns 1 (0x1)
T51EC 5250:442.240 JLINK_BeginDownload(Flags = 0x00000001)
T51EC 5250:442.240 - 0.014ms 
T51EC 5250:442.240 JLINK_WriteU32(0xE000EDFC, 0x01000000)
T51EC 5250:442.240   Debug reg: DEMCR
T51EC 5250:442.240 - 0.030ms returns 0 (0x00000000)
T51EC 5250:442.240 JLINK_EndDownload()
T51EC 5250:442.240 - 0.013ms returns 0 (0x0)
T51EC 5250:442.240 JLINK_BeginDownload(Flags = 0x00000001)
T51EC 5250:442.240 - 0.015ms 
T51EC 5250:442.240 JLINK_WriteU32(0xE0001028, 0x00000000)
T51EC 5250:442.240   Debug reg: DWT_FUNC[0]
T51EC 5250:442.240 - 0.029ms returns 0 (0x00000000)
T51EC 5250:442.240 JLINK_EndDownload()
T51EC 5250:442.240 - 0.014ms returns 0 (0x0)
T51EC 5250:442.240 JLINK_BeginDownload(Flags = 0x00000001)
T51EC 5250:442.240 - 0.013ms 
T51EC 5250:442.240 JLINK_WriteU32(0xE0001038, 0x00000000)
T51EC 5250:442.240   Debug reg: DWT_FUNC[1]
T51EC 5250:442.240 - 0.027ms returns 0 (0x00000000)
T51EC 5250:442.240 JLINK_EndDownload()
T51EC 5250:442.240 - 0.013ms returns 0 (0x0)
T51EC 5250:442.240 JLINK_Go()
T51EC 5250:442.240   CPU_ReadMem(2 bytes @ 0x280400CC)
T51EC 5250:442.752   CPU_WriteMem(2 bytes @ 0x280400CC)
T51EC 5250:442.752   CPU_WriteMem(4 bytes @ 0xE0002000)
T51EC 5250:443.264   CPU_ReadMem(4 bytes @ 0xE0001000)
T51EC 5250:443.776   CPU_WriteMem(4 bytes @ 0xE0001000)
T51EC 5250:444.288   CPU_WriteMem(4 bytes @ 0xE0001028)
T51EC 5250:444.288   CPU_WriteMem(4 bytes @ 0xE0001038)
T51EC 5250:444.288   CPU_WriteMem(4 bytes @ 0xE0002008)
T51EC 5250:444.288   CPU_WriteMem(4 bytes @ 0xE000200C)
T51EC 5250:444.288   CPU_WriteMem(4 bytes @ 0xE0002010)
T51EC 5250:444.288   CPU_WriteMem(4 bytes @ 0xE0002014)
T51EC 5250:446.336   Memory map 'after startup completion point' is active
T51EC 5250:446.336 - 4.120ms 
T51EC 5250:447.872 JLINK_GetHWStatus(...)
T51EC 5250:448.384 - 0.191ms returns 0
T51EC 5250:448.384 JLINK_IsHalted()
T51EC 5250:450.944 - 3.191ms returns TRUE
T51EC 5250:451.456 JLINK_ReadRegs(NumRegs = 1)
T51EC 5250:451.456     R15 (PC) (15) = 0x10005364        
T51EC 5250:451.456 - 0.039ms returns 0x00
T51EC 5250:451.456 JLINK_ReadMemU16(0x10005364, 0x1 Items)
T51EC 5250:451.456   CPU_ReadMem(64 bytes @ 0x10005340)
T51EC 5250:452.480    -- Updating C cache (64 bytes @ 0x10005340)
T51EC 5250:452.480    -- Read from C cache (2 bytes @ 0x10005364)
T51EC 5250:452.480   Data:  80 B5
T51EC 5250:452.480 - 0.782ms returns 1 (0x1)
T51EC 5250:452.480 JLINK_ReadMemU32(0xE000EDFC, 0x1 Items)
T51EC 5250:452.480   Data:  00 00 00 01
T51EC 5250:452.480   Debug reg: DEMCR
T51EC 5250:452.480 - 0.046ms returns 1 (0x1)
T51EC 5250:452.480 JLINK_BeginDownload(Flags = 0x00000001)
T51EC 5250:452.480 - 0.014ms 
T51EC 5250:452.480 JLINK_WriteU32(0xE000EDFC, 0x01000000)
T51EC 5250:452.480   Debug reg: DEMCR
T51EC 5250:452.480 - 0.030ms returns 0 (0x00000000)
T51EC 5250:452.480 JLINK_EndDownload()
T51EC 5250:452.480 - 0.018ms returns 0 (0x0)
T51EC 5250:452.480 JLINK_WriteVectorCatch(0x00000000)
T51EC 5250:452.480 - 0.016ms returns 0
T51EC 5250:452.480 JLINK_BeginDownload(Flags = 0x00000001)
T51EC 5250:452.480 - 0.014ms 
T51EC 5250:452.480 JLINK_WriteU32(0xE0001028, 0x00000000)
T51EC 5250:452.480   Debug reg: DWT_FUNC[0]
T51EC 5250:452.480 - 0.029ms returns 0 (0x00000000)
T51EC 5250:452.480 JLINK_EndDownload()
T51EC 5250:452.480 - 0.013ms returns 0 (0x0)
T51EC 5250:452.480 JLINK_BeginDownload(Flags = 0x00000001)
T51EC 5250:452.480 - 0.014ms 
T51EC 5250:452.480 JLINK_WriteU32(0xE0001038, 0x00000000)
T51EC 5250:452.480   Debug reg: DWT_FUNC[1]
T51EC 5250:452.480 - 0.028ms returns 0 (0x00000000)
T51EC 5250:452.480 JLINK_EndDownload()
T51EC 5250:452.480 - 0.014ms returns 0 (0x0)
T51EC 5250:452.480 JLINK_ReadMemU32(0xE0001004, 0x1 Items)
T51EC 5250:452.480   CPU_ReadMem(4 bytes @ 0xE0001004)
T51EC 5250:452.992   Data:  00 00 00 00
T51EC 5250:452.992   Debug reg: DWT_CYCCNT
T51EC 5250:452.992 - 0.434ms returns 1 (0x1)
T51EC 5250:452.992 JLINK_ClrBPEx(BPHandle = 0x00000002)
T51EC 5250:452.992 - 0.017ms returns 0x00
T51EC 5250:452.992 JLINK_WriteVectorCatch(0x00000000)
T51EC 5250:452.992 - 0.017ms returns 0
T51EC 5250:453.504 JLINK_ReadRegs(NumRegs = 1)
T51EC 5250:453.504     R14 (14) = 0x10005413        
T51EC 5250:453.504 - 0.059ms returns 0x00
T51EC 5250:453.504 JLINK_ReadRegs(NumRegs = 1)
T51EC 5250:453.504     R0 (0)  = 0x00              
T51EC 5250:453.504 - 0.032ms returns 0x00
T51EC 5250:453.504 JLINK_ReadRegs(NumRegs = 1)
T51EC 5250:453.504     R1 (1)  = 0xFEF5EDA5        
T51EC 5250:453.504 - 0.027ms returns 0x00
T51EC 5250:453.504 JLINK_ReadRegs(NumRegs = 1)
T51EC 5250:453.504     R2 (2)  = 0x10005648        
T51EC 5250:453.504 - 0.035ms returns 0x00
T51EC 5250:453.504 JLINK_ReadRegs(NumRegs = 1)
T51EC 5250:453.504     R3 (3)  = 0x00              
T51EC 5250:453.504 - 0.037ms returns 0x00
T51EC 5250:453.504 JLINK_ReadRegs(NumRegs = 1)
T51EC 5250:453.504     R4 (4)  = 0x01              
T51EC 5250:453.504 - 0.033ms returns 0x00
T51EC 5250:453.504 JLINK_ReadRegs(NumRegs = 1)
T51EC 5250:453.504     R5 (5)  = 0x17007C00        
T51EC 5250:454.016 - 0.030ms returns 0x00
T51EC 5250:454.016 JLINK_ReadRegs(NumRegs = 1)
T51EC 5250:454.016     R6 (6)  = 0x10000000        
T51EC 5250:454.016 - 0.033ms returns 0x00
T51EC 5250:454.016 JLINK_ReadRegs(NumRegs = 1)
T51EC 5250:454.016     R7 (7)  = 0x10005461        
T51EC 5250:454.016 - 0.030ms returns 0x00
T51EC 5250:454.016 JLINK_ReadRegs(NumRegs = 1)
T51EC 5250:454.016     R8 (8)  = 0xBE4D7D3D        
T51EC 5250:454.016 - 0.028ms returns 0x00
T51EC 5250:454.016 JLINK_ReadRegs(NumRegs = 1)
T51EC 5250:454.016     R9 (9)  = 0x8BB4D65F        
T51EC 5250:454.016 - 0.033ms returns 0x00
T51EC 5250:454.016 JLINK_ReadRegs(NumRegs = 1)
T51EC 5250:454.016     R10 (10) = 0x650BE897        
T51EC 5250:454.016 - 0.027ms returns 0x00
T51EC 5250:454.016 JLINK_ReadRegs(NumRegs = 1)
T51EC 5250:454.016     R11 (11) = 0x639F76DB        
T51EC 5250:454.016 - 0.029ms returns 0x00
T51EC 5250:454.016 JLINK_ReadRegs(NumRegs = 1)
T51EC 5250:454.016     R12 (12) = 0x280BF334        
T51EC 5250:454.016 - 0.028ms returns 0x00
T51EC 5250:454.016 JLINK_ReadRegs(NumRegs = 1)
T51EC 5250:454.016     MSP (17) = 0x2801FFF8        
T51EC 5250:454.016 - 0.030ms returns 0x00
T51EC 5250:454.016 JLINK_ReadRegs(NumRegs = 1)
T51EC 5250:454.016     PSP (18) = 0x2801FFF8        
T51EC 5250:454.528 - 0.028ms returns 0x00
T51EC 5250:454.528 JLINK_ReadRegs(NumRegs = 1)
T51EC 5250:454.528     R14 (14) = 0x10005413        
T51EC 5250:454.528 - 0.119ms returns 0x00
T51EC 5250:454.528 JLINK_ReadRegs(NumRegs = 1)
T51EC 5250:454.528     R15 (PC) (15) = 0x10005364        
T51EC 5250:454.528 - 0.032ms returns 0x00
T51EC 5250:454.528 JLINK_ReadRegs(NumRegs = 1)
T51EC 5250:454.528     XPSR (16) = 0x61000000        
T51EC 5250:454.528 - 0.029ms returns 0x00
T51EC 5250:454.528 JLINK_ReadRegs(NumRegs = 1)
T51EC 5250:454.528     CFBP (20) = 0x01              
T51EC 5250:454.528 - 0.033ms returns 0x00
T0C58 5254:381.056 JLINK_ReadMemU16(0x10005328, 0x1 Items)
T0C58 5254:381.056   CPU_ReadMem(64 bytes @ 0x10005300)
T0C58 5254:381.568    -- Updating C cache (64 bytes @ 0x10005300)
T0C58 5254:381.568    -- Read from C cache (2 bytes @ 0x10005328)
T0C58 5254:382.080   Data:  70 B4
T0C58 5254:382.080 - 0.842ms returns 1 (0x1)
T0C58 5254:382.080 JLINK_ReadMemU16(0x1000532A, 0x1 Items)
T0C58 5254:382.080    -- Read from C cache (2 bytes @ 0x1000532A)
T0C58 5254:382.080   Data:  01 23
T0C58 5254:382.080 - 0.048ms returns 1 (0x1)
T0C58 5254:382.080 JLINK_ReadMemU16(0x1000532C, 0x1 Items)
T0C58 5254:382.080    -- Read from C cache (2 bytes @ 0x1000532C)
T0C58 5254:382.080   Data:  00 24
T0C58 5254:382.080 - 0.043ms returns 1 (0x1)
T0C58 5254:382.080 JLINK_ReadMemU16(0x1000532E, 0x1 Items)
T0C58 5254:382.080    -- Read from C cache (2 bytes @ 0x1000532E)
T0C58 5254:382.080   Data:  13 E0
T0C58 5254:382.080 - 0.050ms returns 1 (0x1)
T0C58 5254:382.080 JLINK_ReadMemU16(0x10005330, 0x1 Items)
T0C58 5254:382.592    -- Read from C cache (2 bytes @ 0x10005330)
T0C58 5254:382.592   Data:  01 68
T0C58 5254:382.592 - 0.050ms returns 1 (0x1)
T0C58 5254:382.592 JLINK_ReadMemU16(0x10005332, 0x1 Items)
T0C58 5254:382.592    -- Read from C cache (2 bytes @ 0x10005332)
T0C58 5254:382.592   Data:  00 1D
T0C58 5254:382.592 - 0.047ms returns 1 (0x1)
T0C58 5254:382.592 JLINK_ReadMemU16(0x10005334, 0x1 Items)
T0C58 5254:382.592    -- Read from C cache (2 bytes @ 0x10005334)
T0C58 5254:382.592   Data:  19 42
T0C58 5254:382.592 - 0.045ms returns 1 (0x1)
T0C58 5254:382.592 JLINK_ReadMemU16(0x10005336, 0x1 Items)
T0C58 5254:382.592    -- Read from C cache (2 bytes @ 0x10005336)
T0C58 5254:382.592   Data:  02 D0
T0C58 5254:382.592 - 0.048ms returns 1 (0x1)
T0C58 5254:382.592 JLINK_ReadMemU16(0x10005338, 0x1 Items)
T0C58 5254:382.592    -- Read from C cache (2 bytes @ 0x10005338)
T0C58 5254:382.592   Data:  4D 46
T0C58 5254:382.592 - 0.045ms returns 1 (0x1)
T0C58 5254:382.592 JLINK_ReadMemU16(0x1000533A, 0x1 Items)
T0C58 5254:382.592    -- Read from C cache (2 bytes @ 0x1000533A)
T0C58 5254:382.592   Data:  69 18
T0C58 5254:382.592 - 0.044ms returns 1 (0x1)
T0C58 5254:382.592 JLINK_ReadMemU16(0x1000533C, 0x1 Items)
T0C58 5254:382.592    -- Read from C cache (2 bytes @ 0x1000533C)
T0C58 5254:382.592   Data:  49 1E
T0C58 5254:382.592 - 0.044ms returns 1 (0x1)
T0C58 5254:382.592 JLINK_ReadMemU16(0x1000533E, 0x1 Items)
T0C58 5254:382.592    -- Read from C cache (2 bytes @ 0x1000533E)
T0C58 5254:382.592   Data:  0C 60
T0C58 5254:382.592 - 0.048ms returns 1 (0x1)
T0C58 5254:382.592 JLINK_ReadMemU16(0x10005340, 0x1 Items)
T0C58 5254:382.592    -- Read from C cache (2 bytes @ 0x10005340)
T0C58 5254:382.592   Data:  09 1D
T0C58 5254:382.592 - 0.046ms returns 1 (0x1)
T0C58 5254:382.592 JLINK_ReadMemU16(0x10005342, 0x1 Items)
T0C58 5254:382.592    -- Read from C cache (2 bytes @ 0x10005342)
T0C58 5254:382.592   Data:  12 1F
T0C58 5254:382.592 - 0.045ms returns 1 (0x1)
T0C58 5254:382.592 JLINK_ReadMemU16(0x10005344, 0x1 Items)
T0C58 5254:383.104    -- Read from C cache (2 bytes @ 0x10005344)
T0C58 5254:383.104   Data:  04 2A
T0C58 5254:383.104 - 0.044ms returns 1 (0x1)
T0C58 5254:383.104 JLINK_ReadMemU16(0x10005346, 0x1 Items)
T0C58 5254:383.104    -- Read from C cache (2 bytes @ 0x10005346)
T0C58 5254:383.104   Data:  FA D2
T0C58 5254:383.104 - 0.043ms returns 1 (0x1)
T0C58 5254:383.104 JLINK_ReadMemU16(0x10005348, 0x1 Items)
T0C58 5254:383.104    -- Read from C cache (2 bytes @ 0x10005348)
T0C58 5254:383.104   Data:  0D 00
T0C58 5254:383.104 - 0.054ms returns 1 (0x1)
T0C58 5254:383.104 JLINK_ReadMemU16(0x1000534A, 0x1 Items)
T0C58 5254:383.104    -- Read from C cache (2 bytes @ 0x1000534A)
T0C58 5254:383.104   Data:  96 07
T0C58 5254:383.104 - 0.065ms returns 1 (0x1)
T0C58 5254:383.104 JLINK_ReadMemU16(0x1000534C, 0x1 Items)
T0C58 5254:383.616    -- Read from C cache (2 bytes @ 0x1000534C)
T0C58 5254:383.616   Data:  01 D5
T0C58 5254:383.616 - 0.069ms returns 1 (0x1)
T0C58 5254:383.616 JLINK_ReadMemU16(0x1000534E, 0x1 Items)
T0C58 5254:383.616    -- Read from C cache (2 bytes @ 0x1000534E)
T0C58 5254:383.616   Data:  0C 80
T0C58 5254:383.616 - 0.050ms returns 1 (0x1)
T0C58 5254:383.616 JLINK_ReadMemU16(0x10005350, 0x1 Items)
T0C58 5254:383.616    -- Read from C cache (2 bytes @ 0x10005350)
T0C58 5254:383.616   Data:  AD 1C
T0C58 5254:383.616 - 0.044ms returns 1 (0x1)
T0C58 5254:383.616 JLINK_ReadMemU16(0x10005352, 0x1 Items)
T0C58 5254:383.616    -- Read from C cache (2 bytes @ 0x10005352)
T0C58 5254:383.616   Data:  1A 40
T0C58 5254:383.616 - 0.045ms returns 1 (0x1)
T0C58 5254:383.616 JLINK_ReadMemU16(0x10005354, 0x1 Items)
T0C58 5254:383.616    -- Read from C cache (2 bytes @ 0x10005354)
T0C58 5254:383.616   Data:  00 D0
T0C58 5254:384.128 - 0.045ms returns 1 (0x1)
T0C58 5254:384.128 JLINK_ReadMemU16(0x10005356, 0x1 Items)
T0C58 5254:384.128    -- Read from C cache (2 bytes @ 0x10005356)
T0C58 5254:384.128   Data:  2C 70
T0C58 5254:384.128 - 0.044ms returns 1 (0x1)
T0C58 5254:384.128 JLINK_ReadMemU16(0x10005358, 0x1 Items)
T0C58 5254:384.128    -- Read from C cache (2 bytes @ 0x10005358)
T0C58 5254:384.128   Data:  02 68
T0C58 5254:384.128 - 0.045ms returns 1 (0x1)
T0C58 5254:384.128 JLINK_ReadMemU16(0x1000535A, 0x1 Items)
T0C58 5254:384.128    -- Read from C cache (2 bytes @ 0x1000535A)
T0C58 5254:384.128   Data:  00 1D
T0C58 5254:384.128 - 0.043ms returns 1 (0x1)
T0C58 5254:384.128 JLINK_ReadMemU16(0x1000535C, 0x1 Items)
T0C58 5254:384.128    -- Read from C cache (2 bytes @ 0x1000535C)
T0C58 5254:384.128   Data:  00 2A
T0C58 5254:384.128 - 0.043ms returns 1 (0x1)
T0C58 5254:384.128 JLINK_ReadMemU16(0x1000535E, 0x1 Items)
T0C58 5254:384.128    -- Read from C cache (2 bytes @ 0x1000535E)
T0C58 5254:384.128   Data:  E7 D1
T0C58 5254:384.640 - 0.045ms returns 1 (0x1)
T0C58 5254:384.640 JLINK_ReadMemU16(0x10005360, 0x1 Items)
T0C58 5254:384.640    -- Read from C cache (2 bytes @ 0x10005360)
T0C58 5254:384.640   Data:  70 BC
T0C58 5254:384.640 - 0.043ms returns 1 (0x1)
T0C58 5254:384.640 JLINK_ReadMemU16(0x10005362, 0x1 Items)
T0C58 5254:384.640    -- Read from C cache (2 bytes @ 0x10005362)
T0C58 5254:384.640   Data:  70 47
T0C58 5254:384.640 - 0.043ms returns 1 (0x1)
T0C58 5254:387.200 JLINK_ReadMemU16(0x10005364, 0x1 Items)
T0C58 5254:387.200    -- Read from C cache (2 bytes @ 0x10005364)
T0C58 5254:387.200   Data:  80 B5
T0C58 5254:387.200 - 0.066ms returns 1 (0x1)
T0C58 5254:387.712 JLINK_ReadMemU16(0x10005366, 0x1 Items)
T0C58 5254:387.712    -- Read from C cache (2 bytes @ 0x10005366)
T0C58 5254:387.712   Data:  FE F7
T0C58 5254:387.712 - 0.045ms returns 1 (0x1)
T0C58 5254:387.712 JLINK_ReadMemU16(0x10005366, 0x1 Items)
T0C58 5254:387.712    -- Read from C cache (2 bytes @ 0x10005366)
T0C58 5254:387.712   Data:  FE F7
T0C58 5254:387.712 - 0.041ms returns 1 (0x1)
T0C58 5254:387.712 JLINK_ReadMemU16(0x10005368, 0x1 Items)
T0C58 5254:387.712    -- Read from C cache (2 bytes @ 0x10005368)
T0C58 5254:387.712   Data:  D3 FE
T0C58 5254:387.712 - 0.040ms returns 1 (0x1)
T0C58 5254:387.712 JLINK_ReadMemU16(0x1000536A, 0x1 Items)
T0C58 5254:387.712    -- Read from C cache (2 bytes @ 0x1000536A)
T0C58 5254:387.712   Data:  62 B6
T0C58 5254:387.712 - 0.044ms returns 1 (0x1)
T0C58 5254:387.712 JLINK_ReadMemU16(0x1000536C, 0x1 Items)
T0C58 5254:387.712    -- Read from C cache (2 bytes @ 0x1000536C)
T0C58 5254:387.712   Data:  FE F7
T0C58 5254:388.224 - 0.047ms returns 1 (0x1)
T0C58 5254:388.224 JLINK_ReadMemU32(0x1000536C, 0x1 Items)
T0C58 5254:388.224    -- Read from C cache (4 bytes @ 0x1000536C)
T0C58 5254:388.224   Data:  FE F7 C1 F8
T0C58 5254:388.224 - 0.041ms returns 1 (0x1)
T0C58 5254:388.224 JLINK_ReadMemU16(0x10005370, 0x1 Items)
T0C58 5254:388.224    -- Read from C cache (2 bytes @ 0x10005370)
T0C58 5254:388.224   Data:  FD F7
T0C58 5254:388.224 - 0.043ms returns 1 (0x1)
T0C58 5254:388.224 JLINK_ReadMemU32(0x10005370, 0x1 Items)
T0C58 5254:388.224    -- Read from C cache (4 bytes @ 0x10005370)
T0C58 5254:388.224   Data:  FD F7 6A FF
T0C58 5254:388.224 - 0.046ms returns 1 (0x1)
T0C58 5254:388.224 JLINK_ReadMemU16(0x10005374, 0x1 Items)
T0C58 5254:388.224    -- Read from C cache (2 bytes @ 0x10005374)
T0C58 5254:388.224   Data:  FE F7
T0C58 5254:388.224 - 0.044ms returns 1 (0x1)
T0C58 5254:388.224 JLINK_ReadMemU32(0x10005374, 0x1 Items)
T0C58 5254:388.224    -- Read from C cache (4 bytes @ 0x10005374)
T0C58 5254:388.224   Data:  FE F7 7D FD
T0C58 5254:388.224 - 0.041ms returns 1 (0x1)
T0C58 5254:388.736 JLINK_ReadMemU16(0x10005378, 0x1 Items)
T0C58 5254:388.736    -- Read from C cache (2 bytes @ 0x10005378)
T0C58 5254:388.736   Data:  FA 20
T0C58 5254:388.736 - 0.043ms returns 1 (0x1)
T0C58 5254:388.736 JLINK_ReadMemU16(0x1000537A, 0x1 Items)
T0C58 5254:388.736    -- Read from C cache (2 bytes @ 0x1000537A)
T0C58 5254:388.736   Data:  80 00
T0C58 5254:388.736 - 0.044ms returns 1 (0x1)
T0C58 5254:388.736 JLINK_ReadMemU16(0x1000537C, 0x1 Items)
T0C58 5254:388.736    -- Read from C cache (2 bytes @ 0x1000537C)
T0C58 5254:388.736   Data:  FC F7
T0C58 5254:388.736 - 0.043ms returns 1 (0x1)
T0C58 5254:388.736 JLINK_ReadMemU32(0x1000537C, 0x1 Items)
T0C58 5254:388.736    -- Read from C cache (4 bytes @ 0x1000537C)
T0C58 5254:388.736   Data:  FC F7 98 F8
T0C58 5254:388.736 - 0.041ms returns 1 (0x1)
T0C58 5254:388.736 JLINK_ReadMemU16(0x10005380, 0x1 Items)
T0C58 5254:388.736   CPU_ReadMem(64 bytes @ 0x10005380)
T0C58 5254:389.248    -- Updating C cache (64 bytes @ 0x10005380)
T0C58 5254:389.248    -- Read from C cache (2 bytes @ 0x10005380)
T0C58 5254:389.248   Data:  02 48
T0C58 5254:389.248 - 0.814ms returns 1 (0x1)
T0C58 5254:389.760 JLINK_ReadMemU32(0x1000538C, 0x1 Items)
T0C58 5254:389.760    -- Read from C cache (4 bytes @ 0x1000538C)
T0C58 5254:389.760   Data:  44 10 00 28
T0C58 5254:389.760 - 0.043ms returns 1 (0x1)
T0C58 5254:389.760 JLINK_ReadMemU16(0x10005382, 0x1 Items)
T0C58 5254:389.760    -- Read from C cache (2 bytes @ 0x10005382)
T0C58 5254:389.760   Data:  00 78
T0C58 5254:389.760 - 0.045ms returns 1 (0x1)
T0C58 5254:389.760 JLINK_ReadMemU16(0x10005384, 0x1 Items)
T0C58 5254:389.760    -- Read from C cache (2 bytes @ 0x10005384)
T0C58 5254:389.760   Data:  FE F7
T0C58 5254:389.760 - 0.044ms returns 1 (0x1)
T0C58 5254:389.760 JLINK_ReadMemU32(0x10005384, 0x1 Items)
T0C58 5254:389.760    -- Read from C cache (4 bytes @ 0x10005384)
T0C58 5254:389.760   Data:  FE F7 22 F8
T0C58 5254:389.760 - 0.041ms returns 1 (0x1)
T0C58 5254:389.760 JLINK_ReadMemU16(0x10005388, 0x1 Items)
T0C58 5254:389.760    -- Read from C cache (2 bytes @ 0x10005388)
T0C58 5254:390.272   Data:  F6 E7
T0C58 5254:390.272 - 0.045ms returns 1 (0x1)
T0C58 5254:390.272 JLINK_ReadMemU16(0x1000538A, 0x1 Items)
T0C58 5254:390.272    -- Read from C cache (2 bytes @ 0x1000538A)
T0C58 5254:390.272   Data:  00 BF
T0C58 5254:390.272 - 0.043ms returns 1 (0x1)
T0C58 5254:390.272 JLINK_ReadMemU32(0x1000538C, 0x1 Items)
T0C58 5254:390.272    -- Read from C cache (4 bytes @ 0x1000538C)
T0C58 5254:390.272   Data:  44 10 00 28
T0C58 5254:390.272 - 0.044ms returns 1 (0x1)
T0C58 5254:390.272 JLINK_ReadMemU32(0x1000538C, 0x1 Items)
T0C58 5254:390.272    -- Read from C cache (4 bytes @ 0x1000538C)
T0C58 5254:390.272   Data:  44 10 00 28
T0C58 5254:390.272 - 0.042ms returns 1 (0x1)
T0C58 5254:390.272 JLINK_ReadMemU32(0x1000538C, 0x1 Items)
T0C58 5254:390.272    -- Read from C cache (4 bytes @ 0x1000538C)
T0C58 5254:390.272   Data:  44 10 00 28
T0C58 5254:390.272 - 0.041ms returns 1 (0x1)
T0C58 5254:390.272 JLINK_ReadMemU16(0x10005390, 0x1 Items)
T0C58 5254:390.272    -- Read from C cache (2 bytes @ 0x10005390)
T0C58 5254:390.272   Data:  10 B5
T0C58 5254:390.784 - 0.051ms returns 1 (0x1)
T0C58 5254:390.784 JLINK_ReadMemU16(0x10005392, 0x1 Items)
T0C58 5254:390.784    -- Read from C cache (2 bytes @ 0x10005392)
T0C58 5254:390.784   Data:  07 49
T0C58 5254:390.784 - 0.043ms returns 1 (0x1)
T0C58 5254:390.784 JLINK_ReadMemU32(0x100053B0, 0x1 Items)
T0C58 5254:390.784    -- Read from C cache (4 bytes @ 0x100053B0)
T0C58 5254:390.784   Data:  08 00 00 00
T0C58 5254:390.784 - 0.046ms returns 1 (0x1)
T0C58 5254:390.784 JLINK_ReadMemU16(0x10005394, 0x1 Items)
T0C58 5254:390.784    -- Read from C cache (2 bytes @ 0x10005394)
T0C58 5254:390.784   Data:  79 44
T0C58 5254:390.784 - 0.043ms returns 1 (0x1)
T0C58 5254:390.784 JLINK_ReadMemU16(0x10005396, 0x1 Items)
T0C58 5254:390.784    -- Read from C cache (2 bytes @ 0x10005396)
T0C58 5254:390.784   Data:  18 31
T0C58 5254:390.784 - 0.043ms returns 1 (0x1)
T0C58 5254:390.784 JLINK_ReadMemU16(0x10005398, 0x1 Items)
T0C58 5254:390.784    -- Read from C cache (2 bytes @ 0x10005398)
T0C58 5254:390.784   Data:  06 4C
T0C58 5254:390.784 - 0.043ms returns 1 (0x1)
T0C58 5254:390.784 JLINK_ReadMemU32(0x100053B4, 0x1 Items)
T0C58 5254:390.784    -- Read from C cache (4 bytes @ 0x100053B4)
T0C58 5254:390.784   Data:  24 00 00 00
T0C58 5254:390.784 - 0.042ms returns 1 (0x1)
T0C58 5254:390.784 JLINK_ReadMemU16(0x1000539A, 0x1 Items)
T0C58 5254:390.784    -- Read from C cache (2 bytes @ 0x1000539A)
T0C58 5254:390.784   Data:  7C 44
T0C58 5254:390.784 - 0.044ms returns 1 (0x1)
T0C58 5254:390.784 JLINK_ReadMemU16(0x1000539C, 0x1 Items)
T0C58 5254:390.784    -- Read from C cache (2 bytes @ 0x1000539C)
T0C58 5254:390.784   Data:  16 34
T0C58 5254:390.784 - 0.043ms returns 1 (0x1)
T0C58 5254:390.784 JLINK_ReadMemU16(0x1000539E, 0x1 Items)
T0C58 5254:390.784    -- Read from C cache (2 bytes @ 0x1000539E)
T0C58 5254:390.784   Data:  04 E0
T0C58 5254:390.784 - 0.043ms returns 1 (0x1)
T0C58 5254:390.784 JLINK_ReadMemU16(0x100053A0, 0x1 Items)
T0C58 5254:390.784    -- Read from C cache (2 bytes @ 0x100053A0)
T0C58 5254:390.784   Data:  08 1D
T0C58 5254:390.784 - 0.044ms returns 1 (0x1)
T0C58 5254:390.784 JLINK_ReadMemU16(0x100053A2, 0x1 Items)
T0C58 5254:390.784    -- Read from C cache (2 bytes @ 0x100053A2)
T0C58 5254:391.296   Data:  0A 68
T0C58 5254:391.296 - 0.043ms returns 1 (0x1)
T0C58 5254:391.296 JLINK_ReadMemU16(0x100053A4, 0x1 Items)
T0C58 5254:391.296    -- Read from C cache (2 bytes @ 0x100053A4)
T0C58 5254:391.296   Data:  89 18
T0C58 5254:391.296 - 0.044ms returns 1 (0x1)
T0C58 5254:391.296 JLINK_ReadMemU16(0x100053A6, 0x1 Items)
T0C58 5254:391.296    -- Read from C cache (2 bytes @ 0x100053A6)
T0C58 5254:391.296   Data:  88 47
T0C58 5254:391.296 - 0.045ms returns 1 (0x1)
T0C58 5254:391.296 JLINK_ReadMemU16(0x100053A8, 0x1 Items)
T0C58 5254:391.296    -- Read from C cache (2 bytes @ 0x100053A8)
T0C58 5254:391.296   Data:  01 00
T0C58 5254:391.296 - 0.044ms returns 1 (0x1)
T0C58 5254:391.296 JLINK_ReadMemU16(0x100053AA, 0x1 Items)
T0C58 5254:391.296    -- Read from C cache (2 bytes @ 0x100053AA)
T0C58 5254:391.296   Data:  A1 42
T0C58 5254:391.296 - 0.043ms returns 1 (0x1)
T0C58 5254:391.296 JLINK_ReadMemU16(0x100053AC, 0x1 Items)
T0C58 5254:391.296    -- Read from C cache (2 bytes @ 0x100053AC)
T0C58 5254:391.296   Data:  F8 D1
T0C58 5254:391.296 - 0.043ms returns 1 (0x1)
T0C58 5254:391.808 JLINK_ReadMemU16(0x100053AE, 0x1 Items)
T0C58 5254:391.808    -- Read from C cache (2 bytes @ 0x100053AE)
T0C58 5254:391.808   Data:  10 BD
T0C58 5254:391.808 - 0.043ms returns 1 (0x1)
T0C58 5254:391.808 JLINK_ReadMemU32(0x100053B0, 0x1 Items)
T0C58 5254:391.808    -- Read from C cache (4 bytes @ 0x100053B0)
T0C58 5254:391.808   Data:  08 00 00 00
T0C58 5254:391.808 - 0.044ms returns 1 (0x1)
T0C58 5254:391.808 JLINK_ReadMemU32(0x100053B0, 0x1 Items)
T0C58 5254:391.808    -- Read from C cache (4 bytes @ 0x100053B0)
T0C58 5254:391.808   Data:  08 00 00 00
T0C58 5254:391.808 - 0.042ms returns 1 (0x1)
T0C58 5254:391.808 JLINK_ReadMemU32(0x100053B0, 0x1 Items)
T0C58 5254:391.808    -- Read from C cache (4 bytes @ 0x100053B0)
T0C58 5254:391.808   Data:  08 00 00 00
T0C58 5254:391.808 - 0.041ms returns 1 (0x1)
T0C58 5254:391.808 JLINK_ReadMemU32(0x100053B4, 0x1 Items)
T0C58 5254:391.808    -- Read from C cache (4 bytes @ 0x100053B4)
T0C58 5254:391.808   Data:  24 00 00 00
T0C58 5254:391.808 - 0.044ms returns 1 (0x1)
T0C58 5254:391.808 JLINK_ReadMemU32(0x100053B4, 0x1 Items)
T0C58 5254:391.808    -- Read from C cache (4 bytes @ 0x100053B4)
T0C58 5254:391.808   Data:  24 00 00 00
T0C58 5254:392.320 - 0.042ms returns 1 (0x1)
T0C58 5254:392.320 JLINK_ReadMemU32(0x100053B4, 0x1 Items)
T0C58 5254:392.320    -- Read from C cache (4 bytes @ 0x100053B4)
T0C58 5254:392.320   Data:  24 00 00 00
T0C58 5254:392.320 - 0.041ms returns 1 (0x1)
T0C58 5254:392.320 JLINK_ReadMemU32(0x100053B8, 0x1 Items)
T0C58 5254:392.320    -- Read from C cache (4 bytes @ 0x100053B8)
T0C58 5254:392.320   Data:  71 FF FF FF
T0C58 5254:392.320 - 0.043ms returns 1 (0x1)
T0C58 5254:392.320 JLINK_ReadMemU32(0x100053B8, 0x1 Items)
T0C58 5254:392.320    -- Read from C cache (4 bytes @ 0x100053B8)
T0C58 5254:392.320   Data:  71 FF FF FF
T0C58 5254:392.320 - 0.041ms returns 1 (0x1)
T0C58 5254:392.320 JLINK_ReadMemU32(0x100053B8, 0x1 Items)
T0C58 5254:392.320    -- Read from C cache (4 bytes @ 0x100053B8)
T0C58 5254:392.320   Data:  71 FF FF FF
T0C58 5254:392.320 - 0.041ms returns 1 (0x1)
T0C58 5254:392.320 JLINK_ReadMemU32(0x100053BC, 0x1 Items)
T0C58 5254:392.320    -- Read from C cache (4 bytes @ 0x100053BC)
T0C58 5254:392.320   Data:  D4 01 00 00
T0C58 5254:392.320 - 0.048ms returns 1 (0x1)
T0C58 5254:392.320 JLINK_ReadMemU32(0x100053BC, 0x1 Items)
T0C58 5254:392.320    -- Read from C cache (4 bytes @ 0x100053BC)
T0C58 5254:392.320   Data:  D4 01 00 00
T0C58 5254:392.320 - 0.041ms returns 1 (0x1)
T0C58 5254:392.832 JLINK_ReadMemU32(0x100053BC, 0x1 Items)
T0C58 5254:392.832    -- Read from C cache (4 bytes @ 0x100053BC)
T0C58 5254:392.832   Data:  D4 01 00 00
T0C58 5254:392.832 - 0.043ms returns 1 (0x1)
T0C58 5254:392.832 JLINK_ReadMemU32(0x100053C0, 0x1 Items)
T0C58 5254:392.832   CPU_ReadMem(64 bytes @ 0x100053C0)
T0C58 5254:392.832    -- Updating C cache (64 bytes @ 0x100053C0)
T0C58 5254:393.344    -- Read from C cache (4 bytes @ 0x100053C0)
T0C58 5254:393.344   Data:  48 10 00 28
T0C58 5254:393.344 - 0.775ms returns 1 (0x1)
T0C58 5254:393.344 JLINK_ReadMemU32(0x100053C0, 0x1 Items)
T0C58 5254:393.344    -- Read from C cache (4 bytes @ 0x100053C0)
T0C58 5254:393.344   Data:  48 10 00 28
T0C58 5254:393.344 - 0.046ms returns 1 (0x1)
T0C58 5254:393.344 JLINK_ReadMemU32(0x100053C0, 0x1 Items)
T0C58 5254:393.344    -- Read from C cache (4 bytes @ 0x100053C0)
T0C58 5254:393.344   Data:  48 10 00 28
T0C58 5254:393.344 - 0.043ms returns 1 (0x1)
T0C58 5254:393.344 JLINK_ReadMemU32(0x100053C4, 0x1 Items)
T0C58 5254:393.344    -- Read from C cache (4 bytes @ 0x100053C4)
T0C58 5254:393.344   Data:  00 00 00 00
T0C58 5254:393.344 - 0.046ms returns 1 (0x1)
T0C58 5254:393.344 JLINK_ReadMemU32(0x100053C4, 0x1 Items)
T0C58 5254:393.344    -- Read from C cache (4 bytes @ 0x100053C4)
T0C58 5254:393.344   Data:  00 00 00 00
T0C58 5254:393.344 - 0.066ms returns 1 (0x1)
T0C58 5254:393.344 JLINK_ReadMemU32(0x100053C4, 0x1 Items)
T0C58 5254:393.344    -- Read from C cache (4 bytes @ 0x100053C4)
T0C58 5254:393.856   Data:  00 00 00 00
T0C58 5254:393.856 - 0.062ms returns 1 (0x1)
T0C58 5254:393.856 JLINK_ReadMemU32(0x100053C8, 0x1 Items)
T0C58 5254:393.856    -- Read from C cache (4 bytes @ 0x100053C8)
T0C58 5254:393.856   Data:  59 FC FF FF
T0C58 5254:393.856 - 0.064ms returns 1 (0x1)
T0C58 5254:393.856 JLINK_ReadMemU32(0x100053C8, 0x1 Items)
T0C58 5254:393.856    -- Read from C cache (4 bytes @ 0x100053C8)
T0C58 5254:393.856   Data:  59 FC FF FF
T0C58 5254:393.856 - 0.063ms returns 1 (0x1)
T0C58 5254:393.856 JLINK_ReadMemU32(0x100053C8, 0x1 Items)
T0C58 5254:393.856    -- Read from C cache (4 bytes @ 0x100053C8)
T0C58 5254:393.856   Data:  59 FC FF FF
T0C58 5254:393.856 - 0.046ms returns 1 (0x1)
T0C58 5254:393.856 JLINK_ReadMemU32(0x100053CC, 0x1 Items)
T0C58 5254:393.856    -- Read from C cache (4 bytes @ 0x100053CC)
T0C58 5254:393.856   Data:  EA 01 00 00
T0C58 5254:394.368 - 0.047ms returns 1 (0x1)
T0C58 5254:394.368 JLINK_ReadMemU32(0x100053CC, 0x1 Items)
T0C58 5254:394.368    -- Read from C cache (4 bytes @ 0x100053CC)
T0C58 5254:394.368   Data:  EA 01 00 00
T0C58 5254:394.368 - 0.050ms returns 1 (0x1)
T0C58 5254:394.368 JLINK_ReadMemU32(0x100053CC, 0x1 Items)
T0C58 5254:394.368    -- Read from C cache (4 bytes @ 0x100053CC)
T0C58 5254:394.368   Data:  EA 01 00 00
T0C58 5254:394.368 - 0.043ms returns 1 (0x1)
T0C58 5254:394.368 JLINK_ReadMemU32(0x100053D0, 0x1 Items)
T0C58 5254:394.368    -- Read from C cache (4 bytes @ 0x100053D0)
T0C58 5254:394.368   Data:  24 01 00 00
T0C58 5254:394.368 - 0.044ms returns 1 (0x1)
T0C58 5254:394.368 JLINK_ReadMemU32(0x100053D0, 0x1 Items)
T0C58 5254:394.368    -- Read from C cache (4 bytes @ 0x100053D0)
T0C58 5254:394.368   Data:  24 01 00 00
T0C58 5254:394.368 - 0.043ms returns 1 (0x1)
T0C58 5254:394.368 JLINK_ReadMemU32(0x100053D0, 0x1 Items)
T0C58 5254:394.368    -- Read from C cache (4 bytes @ 0x100053D0)
T0C58 5254:394.368   Data:  24 01 00 00
T0C58 5254:394.368 - 0.041ms returns 1 (0x1)
T0C58 5254:394.368 JLINK_ReadMemU32(0x100053D4, 0x1 Items)
T0C58 5254:394.368    -- Read from C cache (4 bytes @ 0x100053D4)
T0C58 5254:394.368   Data:  00 08 00 28
T0C58 5254:394.880 - 0.045ms returns 1 (0x1)
T0C58 5254:394.880 JLINK_ReadMemU32(0x100053D4, 0x1 Items)
T0C58 5254:394.880    -- Read from C cache (4 bytes @ 0x100053D4)
T0C58 5254:394.880   Data:  00 08 00 28
T0C58 5254:394.880 - 0.043ms returns 1 (0x1)
T0C58 5254:394.880 JLINK_ReadMemU32(0x100053D4, 0x1 Items)
T0C58 5254:394.880    -- Read from C cache (4 bytes @ 0x100053D4)
T0C58 5254:394.880   Data:  00 08 00 28
T0C58 5254:394.880 - 0.042ms returns 1 (0x1)
T0C58 5254:403.072 JLINK_ReadMemU16(0x100053D8, 0x1 Items)
T0C58 5254:403.072    -- Read from C cache (2 bytes @ 0x100053D8)
T0C58 5254:403.072   Data:  04 20
T0C58 5254:403.072 - 0.076ms returns 1 (0x1)
T0C58 5254:403.072 JLINK_ReadMemU16(0x100053DA, 0x1 Items)
T0C58 5254:403.072    -- Read from C cache (2 bytes @ 0x100053DA)
T0C58 5254:403.072   Data:  71 46
T0C58 5254:403.072 - 0.046ms returns 1 (0x1)
T0C58 5254:403.072 JLINK_ReadMemU16(0x100053DC, 0x1 Items)
T0C58 5254:403.072    -- Read from C cache (2 bytes @ 0x100053DC)
T0C58 5254:403.072   Data:  08 42
T0C58 5254:403.072 - 0.045ms returns 1 (0x1)
T0C58 5254:403.072 JLINK_ReadMemU16(0x100053DE, 0x1 Items)
T0C58 5254:403.072    -- Read from C cache (2 bytes @ 0x100053DE)
T0C58 5254:403.072   Data:  02 D0
T0C58 5254:403.072 - 0.044ms returns 1 (0x1)
T0C58 5254:403.072 JLINK_ReadMemU16(0x100053E0, 0x1 Items)
T0C58 5254:403.072    -- Read from C cache (2 bytes @ 0x100053E0)
T0C58 5254:403.072   Data:  EF F3
T0C58 5254:403.584 - 0.044ms returns 1 (0x1)
T0C58 5254:403.584 JLINK_ReadMemU32(0x100053E0, 0x1 Items)
T0C58 5254:403.584    -- Read from C cache (4 bytes @ 0x100053E0)
T0C58 5254:403.584   Data:  EF F3 09 80
T0C58 5254:403.584 - 0.044ms returns 1 (0x1)
T0C58 5254:403.584 JLINK_ReadMemU16(0x100053E4, 0x1 Items)
T0C58 5254:403.584    -- Read from C cache (2 bytes @ 0x100053E4)
T0C58 5254:403.584   Data:  01 E0
T0C58 5254:403.584 - 0.044ms returns 1 (0x1)
T0C58 5254:403.584 JLINK_ReadMemU16(0x100053E6, 0x1 Items)
T0C58 5254:403.584    -- Read from C cache (2 bytes @ 0x100053E6)
T0C58 5254:403.584   Data:  EF F3
T0C58 5254:403.584 - 0.044ms returns 1 (0x1)
T0C58 5254:403.584 JLINK_ReadMemU16(0x100053E6, 0x1 Items)
T0C58 5254:403.584    -- Read from C cache (2 bytes @ 0x100053E6)
T0C58 5254:403.584   Data:  EF F3
T0C58 5254:403.584 - 0.041ms returns 1 (0x1)
T0C58 5254:403.584 JLINK_ReadMemU16(0x100053E8, 0x1 Items)
T0C58 5254:403.584    -- Read from C cache (2 bytes @ 0x100053E8)
T0C58 5254:403.584   Data:  08 80
T0C58 5254:403.584 - 0.041ms returns 1 (0x1)
T0C58 5254:404.096 JLINK_ReadMemU16(0x100053EA, 0x1 Items)
T0C58 5254:404.096    -- Read from C cache (2 bytes @ 0x100053EA)
T0C58 5254:404.096   Data:  00 B5
T0C58 5254:404.096 - 0.049ms returns 1 (0x1)
T0C58 5254:404.096 JLINK_ReadMemU16(0x100053EC, 0x1 Items)
T0C58 5254:404.096    -- Read from C cache (2 bytes @ 0x100053EC)
T0C58 5254:404.096   Data:  01 49
T0C58 5254:404.096 - 0.045ms returns 1 (0x1)
T0C58 5254:404.096 JLINK_ReadMemU32(0x100053F4, 0x1 Items)
T0C58 5254:404.096    -- Read from C cache (4 bytes @ 0x100053F4)
T0C58 5254:404.096   Data:  EF 14 00 10
T0C58 5254:404.096 - 0.048ms returns 1 (0x1)
T0C58 5254:404.096 JLINK_ReadMemU16(0x100053EE, 0x1 Items)
T0C58 5254:404.096    -- Read from C cache (2 bytes @ 0x100053EE)
T0C58 5254:404.096   Data:  88 47
T0C58 5254:404.096 - 0.045ms returns 1 (0x1)
T0C58 5254:404.608 JLINK_ReadMemU16(0x100053F0, 0x1 Items)
T0C58 5254:404.608    -- Read from C cache (2 bytes @ 0x100053F0)
T0C58 5254:404.608   Data:  00 BD
T0C58 5254:404.608 - 0.044ms returns 1 (0x1)
T0C58 5254:404.608 JLINK_ReadMemU16(0x100053F2, 0x1 Items)
T0C58 5254:404.608    -- Read from C cache (2 bytes @ 0x100053F2)
T0C58 5254:404.608   Data:  00 00
T0C58 5254:404.608 - 0.044ms returns 1 (0x1)
T0C58 5254:404.608 JLINK_ReadMemU32(0x100053F4, 0x1 Items)
T0C58 5254:404.608    -- Read from C cache (4 bytes @ 0x100053F4)
T0C58 5254:404.608   Data:  EF 14 00 10
T0C58 5254:404.608 - 0.044ms returns 1 (0x1)
T0C58 5254:404.608 JLINK_ReadMemU32(0x100053F4, 0x1 Items)
T0C58 5254:404.608    -- Read from C cache (4 bytes @ 0x100053F4)
T0C58 5254:404.608   Data:  EF 14 00 10
T0C58 5254:404.608 - 0.045ms returns 1 (0x1)
T0C58 5254:404.608 JLINK_ReadMemU32(0x100053F4, 0x1 Items)
T0C58 5254:404.608    -- Read from C cache (4 bytes @ 0x100053F4)
T0C58 5254:404.608   Data:  EF 14 00 10
T0C58 5254:404.608 - 0.042ms returns 1 (0x1)
T0C58 5254:404.608 JLINK_ReadMemU16(0x100053F8, 0x1 Items)
T0C58 5254:405.120    -- Read from C cache (2 bytes @ 0x100053F8)
T0C58 5254:405.120   Data:  00 F0
T0C58 5254:405.120 - 0.045ms returns 1 (0x1)
T0C58 5254:405.120 JLINK_ReadMemU32(0x100053F8, 0x1 Items)
T0C58 5254:405.120    -- Read from C cache (4 bytes @ 0x100053F8)
T0C58 5254:405.120   Data:  00 F0 0E F8
T0C58 5254:405.120 - 0.042ms returns 1 (0x1)
T0C58 5254:405.120 JLINK_ReadMemU16(0x100053FC, 0x1 Items)
T0C58 5254:405.120    -- Read from C cache (2 bytes @ 0x100053FC)
T0C58 5254:405.120   Data:  00 28
T0C58 5254:405.120 - 0.044ms returns 1 (0x1)
T0C58 5254:405.120 JLINK_ReadMemU16(0x100053FE, 0x1 Items)
T0C58 5254:405.120    -- Read from C cache (2 bytes @ 0x100053FE)
T0C58 5254:405.120   Data:  01 D0
T0C58 5254:405.120 - 0.044ms returns 1 (0x1)
T0C58 5254:405.120 JLINK_ReadMemU16(0x10005400, 0x1 Items)
T0C58 5254:405.120   CPU_ReadMem(64 bytes @ 0x10005400)
T0C58 5254:405.632    -- Updating C cache (64 bytes @ 0x10005400)
T0C58 5254:405.632    -- Read from C cache (2 bytes @ 0x10005400)
T0C58 5254:405.632   Data:  FF F7
T0C58 5254:405.632 - 0.829ms returns 1 (0x1)
T0C58 5254:405.632 JLINK_ReadMemU32(0x10005400, 0x1 Items)
T0C58 5254:405.632    -- Read from C cache (4 bytes @ 0x10005400)
T0C58 5254:405.632   Data:  FF F7 C6 FF
T0C58 5254:405.632 - 0.042ms returns 1 (0x1)
T0C58 5254:406.144 JLINK_ReadMemU16(0x10005404, 0x1 Items)
T0C58 5254:406.144    -- Read from C cache (2 bytes @ 0x10005404)
T0C58 5254:406.144   Data:  00 BF
T0C58 5254:406.144 - 0.044ms returns 1 (0x1)
T0C58 5254:406.144 JLINK_ReadMemU16(0x10005406, 0x1 Items)
T0C58 5254:406.144    -- Read from C cache (2 bytes @ 0x10005406)
T0C58 5254:406.144   Data:  00 BF
T0C58 5254:406.144 - 0.043ms returns 1 (0x1)
T0C58 5254:406.144 JLINK_ReadMemU16(0x10005408, 0x1 Items)
T0C58 5254:406.144    -- Read from C cache (2 bytes @ 0x10005408)
T0C58 5254:406.144   Data:  00 20
T0C58 5254:406.144 - 0.043ms returns 1 (0x1)
T0C58 5254:406.144 JLINK_ReadMemU16(0x1000540A, 0x1 Items)
T0C58 5254:406.144    -- Read from C cache (2 bytes @ 0x1000540A)
T0C58 5254:406.144   Data:  00 BF
T0C58 5254:406.144 - 0.043ms returns 1 (0x1)
T0C58 5254:406.144 JLINK_ReadMemU16(0x1000540C, 0x1 Items)
T0C58 5254:406.144    -- Read from C cache (2 bytes @ 0x1000540C)
T0C58 5254:406.144   Data:  00 BF
T0C58 5254:406.144 - 0.044ms returns 1 (0x1)
T0C58 5254:406.144 JLINK_ReadMemU16(0x1000540E, 0x1 Items)
T0C58 5254:406.144    -- Read from C cache (2 bytes @ 0x1000540E)
T0C58 5254:406.656   Data:  FF F7
T0C58 5254:406.656 - 0.043ms returns 1 (0x1)
T0C58 5254:406.656 JLINK_ReadMemU16(0x1000540E, 0x1 Items)
T0C58 5254:406.656    -- Read from C cache (2 bytes @ 0x1000540E)
T0C58 5254:406.656   Data:  FF F7
T0C58 5254:406.656 - 0.042ms returns 1 (0x1)
T0C58 5254:406.656 JLINK_ReadMemU16(0x10005410, 0x1 Items)
T0C58 5254:406.656    -- Read from C cache (2 bytes @ 0x10005410)
T0C58 5254:406.656   Data:  A9 FF
T0C58 5254:406.656 - 0.041ms returns 1 (0x1)
T51EC 5259:702.784 JLINK_ReadMemU16(0x10005364, 0x1 Items)
T51EC 5259:702.784    -- Read from C cache (2 bytes @ 0x10005364)
T51EC 5259:702.784   Data:  80 B5
T51EC 5259:702.784 - 0.133ms returns 1 (0x1)
T51EC 5259:702.784 JLINK_WriteVectorCatch(0x00000000)
T51EC 5259:702.784 - 0.022ms returns 0
T51EC 5259:702.784 JLINK_ReadMemU32(0xE000EDFC, 0x1 Items)
T51EC 5259:702.784   Data:  00 00 00 01
T51EC 5259:702.784   Debug reg: DEMCR
T51EC 5259:702.784 - 0.042ms returns 1 (0x1)
T51EC 5259:702.784 JLINK_BeginDownload(Flags = 0x00000001)
T51EC 5259:702.784 - 0.013ms 
T51EC 5259:702.784 JLINK_WriteU32(0xE000EDFC, 0x01000000)
T51EC 5259:702.784   Debug reg: DEMCR
T51EC 5259:702.784 - 0.030ms returns 0 (0x00000000)
T51EC 5259:702.784 JLINK_EndDownload()
T51EC 5259:702.784 - 0.013ms returns 0 (0x0)
T51EC 5259:702.784 JLINK_BeginDownload(Flags = 0x00000001)
T51EC 5259:702.784 - 0.013ms 
T51EC 5259:702.784 JLINK_WriteU32(0xE0001028, 0x00000000)
T51EC 5259:703.296   Debug reg: DWT_FUNC[0]
T51EC 5259:703.296 - 0.068ms returns 0 (0x00000000)
T51EC 5259:703.296 JLINK_EndDownload()
T51EC 5259:703.296 - 0.013ms returns 0 (0x0)
T51EC 5259:703.296 JLINK_BeginDownload(Flags = 0x00000001)
T51EC 5259:703.296 - 0.013ms 
T51EC 5259:703.296 JLINK_WriteU32(0xE0001038, 0x00000000)
T51EC 5259:703.296   Debug reg: DWT_FUNC[1]
T51EC 5259:703.296 - 0.029ms returns 0 (0x00000000)
T51EC 5259:703.296 JLINK_EndDownload()
T51EC 5259:703.296 - 0.013ms returns 0 (0x0)
T51EC 5259:703.296 JLINK_Go()
T51EC 5259:703.296   CPU_ReadMem(4 bytes @ 0xE0001000)
T51EC 5259:703.808   CPU_WriteMem(4 bytes @ 0xE0001028)
T51EC 5259:703.808   CPU_WriteMem(4 bytes @ 0xE0001038)
T51EC 5259:703.808   CPU_WriteMem(4 bytes @ 0xE0002008)
T51EC 5259:705.344 - 1.863ms 
T51EC 5259:705.856 JLINK_GetHWStatus(...)
T51EC 5259:706.368 - 0.179ms returns 0
T51EC 5259:706.368 JLINK_IsHalted()
T51EC 5259:706.880 - 0.380ms returns FALSE
T51EC 5259:707.904 JLINK_GetHWStatus(...)
T51EC 5259:708.416 - 0.189ms returns 0
T51EC 5259:708.416 JLINK_IsHalted()
T51EC 5259:708.928 - 0.329ms returns FALSE
T51EC 5259:710.464 JLINK_GetHWStatus(...)
T51EC 5259:710.464 - 0.208ms returns 0
T51EC 5259:710.464 JLINK_IsHalted()
T51EC 5259:710.976 - 0.336ms returns FALSE
T51EC 5259:712.512 JLINK_GetHWStatus(...)
T51EC 5259:712.512 - 0.171ms returns 0
T51EC 5259:712.512 JLINK_IsHalted()
T51EC 5259:713.024 - 0.344ms returns FALSE
T51EC 5259:714.560 JLINK_GetHWStatus(...)
T51EC 5259:715.072 - 0.212ms returns 0
T51EC 5259:715.072 JLINK_IsHalted()
T51EC 5259:715.584 - 0.365ms returns FALSE
T51EC 5259:716.608 JLINK_GetHWStatus(...)
T51EC 5259:716.608 - 0.175ms returns 0
T51EC 5259:716.608 JLINK_IsHalted()
T51EC 5259:717.120 - 0.301ms returns FALSE
T51EC 5259:718.656 JLINK_GetHWStatus(...)
T51EC 5259:718.656 - 0.183ms returns 0
T51EC 5259:718.656 JLINK_IsHalted()
T51EC 5259:719.168 - 0.321ms returns FALSE
T51EC 5259:721.216 JLINK_GetHWStatus(...)
T51EC 5259:721.216 - 0.186ms returns 0
T51EC 5259:721.216 JLINK_IsHalted()
T51EC 5259:721.728 - 0.315ms returns FALSE
T51EC 5259:723.264 JLINK_GetHWStatus(...)
T51EC 5259:723.264 - 0.175ms returns 0
T51EC 5259:723.264 JLINK_IsHalted()
T51EC 5259:723.776 - 0.446ms returns FALSE
T51EC 5259:725.312 JLINK_GetHWStatus(...)
T51EC 5259:725.312 - 0.179ms returns 0
T51EC 5259:725.312 JLINK_IsHalted()
T51EC 5259:725.824 - 0.533ms returns FALSE
T51EC 5259:727.360 JLINK_GetHWStatus(...)
T51EC 5259:727.872 - 0.184ms returns 0
T51EC 5259:727.872 JLINK_IsHalted()
T51EC 5259:727.872 - 0.473ms returns FALSE
T51EC 5259:729.920 JLINK_GetHWStatus(...)
T51EC 5259:729.920 - 0.172ms returns 0
T51EC 5259:729.920 JLINK_IsHalted()
T51EC 5259:729.920 - 0.318ms returns FALSE
T51EC 5259:731.968 JLINK_GetHWStatus(...)
T51EC 5259:731.968 - 0.189ms returns 0
T51EC 5259:731.968 JLINK_IsHalted()
T51EC 5259:731.968 - 0.462ms returns FALSE
T51EC 5259:734.016 JLINK_GetHWStatus(...)
T51EC 5259:734.016 - 0.182ms returns 0
T51EC 5259:734.016 JLINK_IsHalted()
T51EC 5259:734.016 - 0.310ms returns FALSE
T51EC 5259:736.064 JLINK_GetHWStatus(...)
T51EC 5259:736.064 - 0.213ms returns 0
T51EC 5259:736.064 JLINK_IsHalted()
T51EC 5259:736.064 - 0.294ms returns FALSE
T51EC 5259:738.112 JLINK_GetHWStatus(...)
T51EC 5259:738.112 - 0.176ms returns 0
T51EC 5259:738.112 JLINK_IsHalted()
T51EC 5259:738.112 - 0.318ms returns FALSE
T51EC 5259:740.160 JLINK_GetHWStatus(...)
T51EC 5259:740.160 - 0.156ms returns 0
T51EC 5259:740.160 JLINK_IsHalted()
T51EC 5259:740.160 - 0.312ms returns FALSE
T51EC 5259:742.208 JLINK_GetHWStatus(...)
T51EC 5259:742.208 - 0.165ms returns 0
T51EC 5259:742.208 JLINK_IsHalted()
T51EC 5259:742.208 - 0.397ms returns FALSE
T51EC 5259:744.256 JLINK_GetHWStatus(...)
T51EC 5259:744.256 - 0.238ms returns 0
T51EC 5259:744.256 JLINK_IsHalted()
T51EC 5259:744.256 - 0.313ms returns FALSE
T51EC 5259:746.816 JLINK_GetHWStatus(...)
T51EC 5259:747.328 - 0.176ms returns 0
T51EC 5259:747.328 JLINK_IsHalted()
T51EC 5259:747.840 - 0.356ms returns FALSE
T51EC 5259:748.864 JLINK_GetHWStatus(...)
T51EC 5259:749.376 - 0.163ms returns 0
T51EC 5259:749.376 JLINK_IsHalted()
T51EC 5259:749.376 - 0.340ms returns FALSE
T51EC 5259:750.912 JLINK_GetHWStatus(...)
T51EC 5259:751.424 - 0.152ms returns 0
T51EC 5259:751.424 JLINK_IsHalted()
T51EC 5259:751.424 - 0.315ms returns FALSE
T51EC 5259:752.960 JLINK_GetHWStatus(...)
T51EC 5259:753.472 - 0.175ms returns 0
T51EC 5259:753.472 JLINK_IsHalted()
T51EC 5259:753.984 - 0.289ms returns FALSE
T51EC 5259:755.520 JLINK_GetHWStatus(...)
T51EC 5259:755.520 - 0.212ms returns 0
T51EC 5259:755.520 JLINK_IsHalted()
T51EC 5259:756.032 - 0.329ms returns FALSE
T51EC 5259:757.568 JLINK_GetHWStatus(...)
T51EC 5259:757.568 - 0.182ms returns 0
T51EC 5259:757.568 JLINK_IsHalted()
T51EC 5259:758.080 - 0.322ms returns FALSE
T51EC 5259:759.616 JLINK_GetHWStatus(...)
T51EC 5259:759.616 - 0.194ms returns 0
T51EC 5259:759.616 JLINK_IsHalted()
T51EC 5259:760.128 - 0.352ms returns FALSE
T51EC 5259:762.176 JLINK_GetHWStatus(...)
T51EC 5259:762.176 - 0.176ms returns 0
T51EC 5259:762.176 JLINK_IsHalted()
T51EC 5259:762.688 - 0.360ms returns FALSE
T51EC 5259:763.712 JLINK_GetHWStatus(...)
T51EC 5259:764.224 - 0.192ms returns 0
T51EC 5259:764.224 JLINK_IsHalted()
T51EC 5259:764.736 - 0.306ms returns FALSE
T51EC 5259:765.760 JLINK_GetHWStatus(...)
T51EC 5259:766.272 - 0.219ms returns 0
T51EC 5259:766.272 JLINK_IsHalted()
T51EC 5259:766.784 - 0.317ms returns FALSE
T51EC 5259:767.808 JLINK_GetHWStatus(...)
T51EC 5259:768.320 - 0.203ms returns 0
T51EC 5259:768.320 JLINK_IsHalted()
T51EC 5259:768.832 - 0.429ms returns FALSE
T51EC 5259:769.856 JLINK_GetHWStatus(...)
T51EC 5259:770.368 - 0.182ms returns 0
T51EC 5259:770.368 JLINK_IsHalted()
T51EC 5259:770.880 - 0.494ms returns FALSE
T51EC 5259:771.904 JLINK_GetHWStatus(...)
T51EC 5259:772.416 - 0.168ms returns 0
T51EC 5259:772.416 JLINK_IsHalted()
T51EC 5259:772.928 - 0.441ms returns FALSE
T51EC 5259:773.952 JLINK_GetHWStatus(...)
T51EC 5259:774.464 - 0.202ms returns 0
T51EC 5259:774.464 JLINK_IsHalted()
T51EC 5259:774.976 - 0.484ms returns FALSE
T51EC 5259:776.512 JLINK_GetHWStatus(...)
T51EC 5259:776.512 - 0.206ms returns 0
T51EC 5259:776.512 JLINK_IsHalted()
T51EC 5259:777.024 - 0.440ms returns FALSE
T51EC 5259:778.560 JLINK_GetHWStatus(...)
T51EC 5259:778.560 - 0.197ms returns 0
T51EC 5259:778.560 JLINK_IsHalted()
T51EC 5259:779.072 - 0.428ms returns FALSE
T51EC 5259:780.608 JLINK_GetHWStatus(...)
T51EC 5259:780.608 - 0.169ms returns 0
T51EC 5259:780.608 JLINK_IsHalted()
T51EC 5259:781.120 - 0.475ms returns FALSE
T51EC 5259:782.656 JLINK_GetHWStatus(...)
T51EC 5259:782.656 - 0.195ms returns 0
T51EC 5259:782.656 JLINK_IsHalted()
T51EC 5259:783.168 - 0.316ms returns FALSE
T51EC 5259:785.216 JLINK_GetHWStatus(...)
T51EC 5259:785.216 - 0.185ms returns 0
T51EC 5259:785.216 JLINK_IsHalted()
T51EC 5259:785.216 - 0.398ms returns FALSE
T51EC 5259:787.264 JLINK_GetHWStatus(...)
T51EC 5259:787.264 - 0.225ms returns 0
T51EC 5259:787.264 JLINK_IsHalted()
T51EC 5259:787.776 - 0.375ms returns FALSE
T51EC 5259:789.312 JLINK_GetHWStatus(...)
T51EC 5259:789.312 - 0.197ms returns 0
T51EC 5259:789.312 JLINK_IsHalted()
T51EC 5259:789.312 - 0.346ms returns FALSE
T51EC 5259:791.360 JLINK_GetHWStatus(...)
T51EC 5259:791.360 - 0.206ms returns 0
T51EC 5259:791.360 JLINK_IsHalted()
T51EC 5259:791.872 - 0.327ms returns FALSE
T51EC 5259:793.408 JLINK_GetHWStatus(...)
T51EC 5259:793.408 - 0.183ms returns 0
T51EC 5259:793.920 JLINK_IsHalted()
T51EC 5259:793.920 - 0.372ms returns FALSE
T51EC 5259:795.456 JLINK_GetHWStatus(...)
T51EC 5259:795.968 - 0.197ms returns 0
T51EC 5259:795.968 JLINK_IsHalted()
T51EC 5259:796.480 - 0.402ms returns FALSE
T51EC 5259:797.504 JLINK_GetHWStatus(...)
T51EC 5259:798.016 - 0.214ms returns 0
T51EC 5259:798.016 JLINK_IsHalted()
T51EC 5259:798.528 - 0.338ms returns FALSE
T51EC 5259:799.552 JLINK_GetHWStatus(...)
T51EC 5259:800.064 - 0.223ms returns 0
T51EC 5259:800.064 JLINK_IsHalted()
T51EC 5259:800.576 - 0.373ms returns FALSE
T51EC 5259:801.600 JLINK_GetHWStatus(...)
T51EC 5259:802.112 - 0.207ms returns 0
T51EC 5259:802.112 JLINK_IsHalted()
T51EC 5259:802.624 - 0.371ms returns FALSE
T51EC 5259:803.648 JLINK_GetHWStatus(...)
T51EC 5259:804.160 - 0.142ms returns 0
T51EC 5259:804.160 JLINK_IsHalted()
T51EC 5259:804.160 - 0.352ms returns FALSE
T51EC 5259:805.696 JLINK_GetHWStatus(...)
T51EC 5259:806.208 - 0.262ms returns 0
T51EC 5259:806.208 JLINK_IsHalted()
T51EC 5259:806.720 - 0.336ms returns FALSE
T51EC 5259:808.256 JLINK_GetHWStatus(...)
T51EC 5259:808.768 - 0.193ms returns 0
T51EC 5259:808.768 JLINK_IsHalted()
T51EC 5259:809.280 - 0.378ms returns FALSE
T51EC 5259:810.304 JLINK_GetHWStatus(...)
T51EC 5259:810.816 - 0.227ms returns 0
T51EC 5259:810.816 JLINK_IsHalted()
T51EC 5259:811.328 - 0.375ms returns FALSE
T51EC 5259:812.352 JLINK_GetHWStatus(...)
T51EC 5259:812.864 - 0.179ms returns 0
T51EC 5259:812.864 JLINK_IsHalted()
T51EC 5259:813.376 - 0.367ms returns FALSE
T51EC 5259:814.400 JLINK_GetHWStatus(...)
T51EC 5259:814.912 - 0.243ms returns 0
T51EC 5259:814.912 JLINK_IsHalted()
T51EC 5259:815.424 - 0.365ms returns FALSE
T51EC 5259:816.960 JLINK_GetHWStatus(...)
T51EC 5259:817.472 - 0.172ms returns 0
T51EC 5259:817.472 JLINK_IsHalted()
T51EC 5259:817.984 - 0.471ms returns FALSE
T51EC 5259:819.008 JLINK_GetHWStatus(...)
T51EC 5259:819.520 - 0.156ms returns 0
T51EC 5259:819.520 JLINK_IsHalted()
T51EC 5259:819.520 - 0.333ms returns FALSE
T51EC 5259:821.056 JLINK_GetHWStatus(...)
T51EC 5259:821.568 - 0.259ms returns 0
T51EC 5259:821.568 JLINK_IsHalted()
T51EC 5259:822.080 - 0.357ms returns FALSE
T51EC 5259:823.616 JLINK_GetHWStatus(...)
T51EC 5259:824.128 - 0.192ms returns 0
T51EC 5259:824.128 JLINK_IsHalted()
T51EC 5259:824.128 - 0.507ms returns FALSE
T51EC 5259:826.176 JLINK_GetHWStatus(...)
T51EC 5259:826.176 - 0.187ms returns 0
T51EC 5259:826.176 JLINK_IsHalted()
T51EC 5259:826.688 - 0.490ms returns FALSE
T51EC 5259:828.224 JLINK_GetHWStatus(...)
T51EC 5259:828.224 - 0.194ms returns 0
T51EC 5259:828.224 JLINK_IsHalted()
T51EC 5259:828.736 - 0.473ms returns FALSE
T51EC 5259:830.272 JLINK_GetHWStatus(...)
T51EC 5259:830.272 - 0.155ms returns 0
T51EC 5259:830.272 JLINK_IsHalted()
T51EC 5259:830.784 - 0.364ms returns FALSE
T51EC 5259:832.320 JLINK_GetHWStatus(...)
T51EC 5259:832.320 - 0.225ms returns 0
T51EC 5259:832.320 JLINK_IsHalted()
T51EC 5259:832.832 - 0.331ms returns FALSE
T51EC 5259:834.368 JLINK_GetHWStatus(...)
T51EC 5259:834.368 - 0.194ms returns 0
T51EC 5259:834.368 JLINK_IsHalted()
T51EC 5259:834.880 - 0.322ms returns FALSE
T51EC 5259:836.416 JLINK_GetHWStatus(...)
T51EC 5259:836.928 - 0.204ms returns 0
T51EC 5259:836.928 JLINK_IsHalted()
T51EC 5259:837.440 - 0.325ms returns FALSE
T51EC 5259:838.464 JLINK_GetHWStatus(...)
T51EC 5259:838.976 - 0.169ms returns 0
T51EC 5259:838.976 JLINK_IsHalted()
T51EC 5259:839.488 - 0.323ms returns FALSE
T51EC 5259:840.512 JLINK_GetHWStatus(...)
T51EC 5259:841.024 - 0.203ms returns 0
T51EC 5259:841.024 JLINK_IsHalted()
T51EC 5259:841.536 - 0.411ms returns FALSE
T51EC 5259:842.560 JLINK_GetHWStatus(...)
T51EC 5259:843.072 - 0.194ms returns 0
T51EC 5259:843.072 JLINK_IsHalted()
T51EC 5259:843.584 - 0.358ms returns FALSE
T51EC 5259:844.608 JLINK_GetHWStatus(...)
T51EC 5259:845.120 - 0.185ms returns 0
T51EC 5259:845.120 JLINK_IsHalted()
T51EC 5259:845.632 - 0.369ms returns FALSE
T51EC 5259:846.656 JLINK_GetHWStatus(...)
T51EC 5259:847.168 - 0.168ms returns 0
T51EC 5259:847.168 JLINK_IsHalted()
T51EC 5259:847.168 - 0.358ms returns FALSE
T51EC 5259:849.216 JLINK_GetHWStatus(...)
T51EC 5259:849.728 - 0.226ms returns 0
T51EC 5259:849.728 JLINK_IsHalted()
T51EC 5259:850.240 - 0.327ms returns FALSE
T51EC 5259:851.264 JLINK_GetHWStatus(...)
T51EC 5259:851.776 - 0.217ms returns 0
T51EC 5259:851.776 JLINK_IsHalted()
T51EC 5259:852.288 - 0.381ms returns FALSE
T51EC 5259:853.824 JLINK_GetHWStatus(...)
T51EC 5259:853.824 - 0.201ms returns 0
T51EC 5259:853.824 JLINK_IsHalted()
T51EC 5259:854.336 - 0.364ms returns FALSE
T51EC 5259:855.872 JLINK_GetHWStatus(...)
T51EC 5259:855.872 - 0.200ms returns 0
T51EC 5259:855.872 JLINK_IsHalted()
T51EC 5259:856.384 - 0.431ms returns FALSE
T51EC 5259:857.920 JLINK_GetHWStatus(...)
T51EC 5259:858.432 - 0.195ms returns 0
T51EC 5259:858.432 JLINK_IsHalted()
T51EC 5259:858.944 - 0.406ms returns FALSE
T51EC 5259:859.968 JLINK_GetHWStatus(...)
T51EC 5259:860.480 - 0.155ms returns 0
T51EC 5259:860.480 JLINK_IsHalted()
T51EC 5259:860.992 - 0.351ms returns FALSE
T51EC 5259:862.528 JLINK_GetHWStatus(...)
T51EC 5259:862.528 - 0.176ms returns 0
T51EC 5259:862.528 JLINK_IsHalted()
T51EC 5259:863.040 - 0.386ms returns FALSE
T51EC 5259:864.576 JLINK_GetHWStatus(...)
T51EC 5259:864.576 - 0.229ms returns 0
T51EC 5259:864.576 JLINK_IsHalted()
T51EC 5259:865.088 - 0.497ms returns FALSE
T51EC 5259:866.624 JLINK_GetHWStatus(...)
T51EC 5259:866.624 - 0.182ms returns 0
T51EC 5259:866.624 JLINK_IsHalted()
T51EC 5259:867.136 - 0.422ms returns FALSE
T51EC 5259:868.672 JLINK_GetHWStatus(...)
T51EC 5259:868.672 - 0.189ms returns 0
T51EC 5259:868.672 JLINK_IsHalted()
T51EC 5259:869.184 - 0.473ms returns FALSE
T51EC 5259:870.720 JLINK_GetHWStatus(...)
T51EC 5259:870.720 - 0.173ms returns 0
T51EC 5259:870.720 JLINK_IsHalted()
T51EC 5259:871.232 - 0.354ms returns FALSE
T51EC 5259:872.768 JLINK_GetHWStatus(...)
T51EC 5259:872.768 - 0.198ms returns 0
T51EC 5259:872.768 JLINK_IsHalted()
T51EC 5259:873.280 - 0.504ms returns FALSE
T51EC 5259:874.816 JLINK_GetHWStatus(...)
T51EC 5259:875.328 - 0.205ms returns 0
T51EC 5259:875.328 JLINK_IsHalted()
T51EC 5259:875.328 - 0.462ms returns FALSE
T51EC 5259:876.864 JLINK_GetHWStatus(...)
T51EC 5259:877.376 - 0.196ms returns 0
T51EC 5259:877.376 JLINK_IsHalted()
T51EC 5259:877.376 - 0.317ms returns FALSE
T51EC 5259:879.424 JLINK_GetHWStatus(...)
T51EC 5259:879.424 - 0.242ms returns 0
T51EC 5259:879.424 JLINK_IsHalted()
T51EC 5259:879.424 - 0.425ms returns FALSE
T51EC 5259:880.960 JLINK_GetHWStatus(...)
T51EC 5259:881.472 - 0.222ms returns 0
T51EC 5259:881.472 JLINK_IsHalted()
T51EC 5259:881.472 - 0.371ms returns FALSE
T51EC 5259:883.520 JLINK_GetHWStatus(...)
T51EC 5259:883.520 - 0.248ms returns 0
T51EC 5259:883.520 JLINK_IsHalted()
T51EC 5259:883.520 - 0.341ms returns FALSE
T51EC 5259:885.568 JLINK_GetHWStatus(...)
T51EC 5259:885.568 - 0.205ms returns 0
T51EC 5259:885.568 JLINK_IsHalted()
T51EC 5259:886.080 - 0.348ms returns FALSE
T51EC 5259:887.616 JLINK_GetHWStatus(...)
T51EC 5259:887.616 - 0.180ms returns 0
T51EC 5259:887.616 JLINK_IsHalted()
T51EC 5259:887.616 - 0.332ms returns FALSE
T51EC 5259:889.664 JLINK_GetHWStatus(...)
T51EC 5259:889.664 - 0.214ms returns 0
T51EC 5259:889.664 JLINK_IsHalted()
T51EC 5259:890.176 - 0.332ms returns FALSE
T51EC 5259:891.712 JLINK_GetHWStatus(...)
T51EC 5259:891.712 - 0.203ms returns 0
T51EC 5259:891.712 JLINK_IsHalted()
T51EC 5259:892.224 - 0.330ms returns FALSE
T51EC 5259:893.760 JLINK_GetHWStatus(...)
T51EC 5259:893.760 - 0.280ms returns 0
T51EC 5259:893.760 JLINK_IsHalted()
T51EC 5259:894.272 - 0.317ms returns FALSE
T51EC 5259:895.808 JLINK_GetHWStatus(...)
T51EC 5259:895.808 - 0.185ms returns 0
T51EC 5259:895.808 JLINK_IsHalted()
T51EC 5259:896.320 - 0.340ms returns FALSE
T51EC 5259:897.856 JLINK_GetHWStatus(...)
T51EC 5259:897.856 - 0.197ms returns 0
T51EC 5259:897.856 JLINK_IsHalted()
T51EC 5259:898.368 - 0.339ms returns FALSE
T51EC 5259:899.904 JLINK_GetHWStatus(...)
T51EC 5259:899.904 - 0.191ms returns 0
T51EC 5259:899.904 JLINK_IsHalted()
T51EC 5259:900.416 - 0.322ms returns FALSE
T51EC 5259:901.952 JLINK_GetHWStatus(...)
T51EC 5259:901.952 - 0.176ms returns 0
T51EC 5259:901.952 JLINK_IsHalted()
T51EC 5259:902.464 - 0.325ms returns FALSE
T51EC 5259:904.000 JLINK_GetHWStatus(...)
T51EC 5259:904.000 - 0.186ms returns 0
T51EC 5259:904.512 JLINK_IsHalted()
T51EC 5259:905.024 - 0.432ms returns FALSE
T51EC 5259:906.048 JLINK_GetHWStatus(...)
T51EC 5259:906.560 - 0.190ms returns 0
T51EC 5259:906.560 JLINK_IsHalted()
T51EC 5259:906.560 - 0.318ms returns FALSE
T51EC 5259:908.608 JLINK_GetHWStatus(...)
T51EC 5259:908.608 - 0.192ms returns 0
T51EC 5259:908.608 JLINK_IsHalted()
T51EC 5259:909.120 - 0.322ms returns FALSE
T51EC 5259:910.656 JLINK_GetHWStatus(...)
T51EC 5259:910.656 - 0.244ms returns 0
T51EC 5259:911.168 JLINK_IsHalted()
T51EC 5259:911.168 - 0.326ms returns FALSE
T51EC 5259:912.704 JLINK_GetHWStatus(...)
T51EC 5259:913.216 - 0.188ms returns 0
T51EC 5259:913.216 JLINK_IsHalted()
T51EC 5259:913.728 - 0.458ms returns FALSE
T51EC 5259:914.752 JLINK_GetHWStatus(...)
T51EC 5259:914.752 - 0.185ms returns 0
T51EC 5259:915.264 JLINK_IsHalted()
T51EC 5259:915.264 - 0.349ms returns FALSE
T51EC 5259:916.800 JLINK_GetHWStatus(...)
T51EC 5259:917.312 - 0.334ms returns 0
T51EC 5259:917.312 JLINK_IsHalted()
T51EC 5259:918.336 - 0.704ms returns FALSE
T51EC 5259:919.872 JLINK_GetHWStatus(...)
T51EC 5259:920.384 - 0.408ms returns 0
T51EC 5259:920.384 JLINK_IsHalted()
T51EC 5259:920.896 - 0.669ms returns FALSE
T51EC 5259:922.944 JLINK_GetHWStatus(...)
T51EC 5259:923.456 - 0.230ms returns 0
T51EC 5259:923.456 JLINK_IsHalted()
T51EC 5259:923.968 - 0.337ms returns FALSE
T51EC 5259:925.504 JLINK_GetHWStatus(...)
T51EC 5259:926.016 - 0.207ms returns 0
T51EC 5259:926.016 JLINK_IsHalted()
T51EC 5259:926.528 - 0.364ms returns FALSE
T51EC 5259:927.552 JLINK_GetHWStatus(...)
T51EC 5259:928.064 - 0.227ms returns 0
T51EC 5259:928.064 JLINK_IsHalted()
T51EC 5259:928.576 - 0.346ms returns FALSE
T51EC 5259:930.112 JLINK_GetHWStatus(...)
T51EC 5259:930.112 - 0.246ms returns 0
T51EC 5259:930.112 JLINK_IsHalted()
T51EC 5259:930.624 - 0.345ms returns FALSE
T51EC 5259:932.672 JLINK_GetHWStatus(...)
T51EC 5259:932.672 - 0.205ms returns 0
T51EC 5259:932.672 JLINK_IsHalted()
T51EC 5259:932.672 - 0.317ms returns FALSE
T51EC 5259:934.720 JLINK_GetHWStatus(...)
T51EC 5259:934.720 - 0.159ms returns 0
T51EC 5259:934.720 JLINK_IsHalted()
T51EC 5259:934.720 - 0.316ms returns FALSE
T51EC 5259:936.256 JLINK_GetHWStatus(...)
T51EC 5259:936.768 - 0.178ms returns 0
T51EC 5259:936.768 JLINK_IsHalted()
T51EC 5259:936.768 - 0.300ms returns FALSE
T51EC 5259:938.304 JLINK_GetHWStatus(...)
T51EC 5259:938.816 - 0.226ms returns 0
T51EC 5259:938.816 JLINK_IsHalted()
T51EC 5259:938.816 - 0.333ms returns FALSE
T51EC 5259:940.352 JLINK_GetHWStatus(...)
T51EC 5259:940.864 - 0.179ms returns 0
T51EC 5259:940.864 JLINK_IsHalted()
T51EC 5259:940.864 - 0.340ms returns FALSE
T51EC 5259:942.400 JLINK_GetHWStatus(...)
T51EC 5259:942.912 - 0.175ms returns 0
T51EC 5259:942.912 JLINK_IsHalted()
T51EC 5259:942.912 - 0.330ms returns FALSE
T51EC 5259:944.448 JLINK_GetHWStatus(...)
T51EC 5259:944.960 - 0.201ms returns 0
T51EC 5259:944.960 JLINK_IsHalted()
T51EC 5259:944.960 - 0.369ms returns FALSE
T51EC 5259:947.008 JLINK_GetHWStatus(...)
T51EC 5259:947.008 - 0.214ms returns 0
T51EC 5259:947.008 JLINK_IsHalted()
T51EC 5259:947.520 - 0.372ms returns FALSE
T51EC 5259:949.056 JLINK_GetHWStatus(...)
T51EC 5259:949.056 - 0.177ms returns 0
T51EC 5259:949.056 JLINK_IsHalted()
T51EC 5259:949.568 - 0.363ms returns FALSE
T51EC 5259:951.104 JLINK_GetHWStatus(...)
T51EC 5259:951.104 - 0.180ms returns 0
T51EC 5259:951.104 JLINK_IsHalted()
T51EC 5259:951.616 - 0.338ms returns FALSE
T51EC 5259:953.152 JLINK_GetHWStatus(...)
T51EC 5259:953.152 - 0.205ms returns 0
T51EC 5259:953.152 JLINK_IsHalted()
T51EC 5259:953.664 - 0.427ms returns FALSE
T51EC 5259:955.200 JLINK_GetHWStatus(...)
T51EC 5259:955.200 - 0.183ms returns 0
T51EC 5259:955.200 JLINK_IsHalted()
T51EC 5259:955.712 - 0.324ms returns FALSE
T51EC 5259:957.760 JLINK_GetHWStatus(...)
T51EC 5259:957.760 - 0.163ms returns 0
T51EC 5259:957.760 JLINK_IsHalted()
T51EC 5259:958.272 - 0.445ms returns FALSE
T51EC 5259:959.808 JLINK_GetHWStatus(...)
T51EC 5259:959.808 - 0.167ms returns 0
T51EC 5259:959.808 JLINK_IsHalted()
T51EC 5259:960.320 - 0.572ms returns FALSE
T51EC 5259:961.856 JLINK_GetHWStatus(...)
T51EC 5259:962.368 - 0.346ms returns 0
T51EC 5259:962.368 JLINK_IsHalted()
T51EC 5259:962.880 - 0.425ms returns FALSE
T51EC 5259:964.416 JLINK_GetHWStatus(...)
T51EC 5259:964.416 - 0.208ms returns 0
T51EC 5259:964.416 JLINK_IsHalted()
T51EC 5259:964.928 - 0.507ms returns FALSE
T51EC 5259:966.464 JLINK_GetHWStatus(...)
T51EC 5259:966.464 - 0.154ms returns 0
T51EC 5259:966.464 JLINK_IsHalted()
T51EC 5259:966.976 - 0.361ms returns FALSE
T51EC 5259:968.512 JLINK_GetHWStatus(...)
T51EC 5259:968.512 - 0.202ms returns 0
T51EC 5259:968.512 JLINK_IsHalted()
T51EC 5259:969.536 - 0.507ms returns FALSE
T51EC 5259:970.560 JLINK_GetHWStatus(...)
T51EC 5259:971.072 - 0.192ms returns 0
T51EC 5259:971.072 JLINK_IsHalted()
T51EC 5259:971.584 - 0.365ms returns FALSE
T51EC 5259:972.608 JLINK_GetHWStatus(...)
T51EC 5259:973.120 - 0.204ms returns 0
T51EC 5259:973.120 JLINK_IsHalted()
T51EC 5259:973.632 - 0.401ms returns FALSE
T51EC 5259:974.656 JLINK_GetHWStatus(...)
T51EC 5259:975.168 - 0.168ms returns 0
T51EC 5259:975.168 JLINK_IsHalted()
T51EC 5259:975.680 - 0.353ms returns FALSE
T51EC 5259:976.704 JLINK_GetHWStatus(...)
T51EC 5259:977.216 - 0.235ms returns 0
T51EC 5259:977.216 JLINK_IsHalted()
T51EC 5259:977.728 - 0.359ms returns FALSE
T51EC 5259:978.752 JLINK_GetHWStatus(...)
T51EC 5259:979.264 - 0.186ms returns 0
T51EC 5259:979.264 JLINK_IsHalted()
T51EC 5259:979.776 - 0.310ms returns FALSE
T51EC 5259:980.800 JLINK_GetHWStatus(...)
T51EC 5259:981.312 - 0.189ms returns 0
T51EC 5259:981.312 JLINK_IsHalted()
T51EC 5259:981.824 - 0.369ms returns FALSE
T51EC 5259:982.848 JLINK_GetHWStatus(...)
T51EC 5259:983.360 - 0.180ms returns 0
T51EC 5259:983.360 JLINK_IsHalted()
T51EC 5259:983.872 - 0.360ms returns FALSE
T51EC 5259:985.408 JLINK_GetHWStatus(...)
T51EC 5259:985.408 - 0.228ms returns 0
T51EC 5259:985.408 JLINK_IsHalted()
T51EC 5259:985.920 - 0.334ms returns FALSE
T51EC 5259:986.944 JLINK_GetHWStatus(...)
T51EC 5259:987.456 - 0.191ms returns 0
T51EC 5259:987.456 JLINK_IsHalted()
T51EC 5259:987.968 - 0.340ms returns FALSE
T51EC 5259:989.504 JLINK_GetHWStatus(...)
T51EC 5259:989.504 - 0.176ms returns 0
T51EC 5259:989.504 JLINK_IsHalted()
T51EC 5259:990.016 - 0.297ms returns FALSE
T51EC 5259:991.552 JLINK_GetHWStatus(...)
T51EC 5259:991.552 - 0.173ms returns 0
T51EC 5259:991.552 JLINK_IsHalted()
T51EC 5259:992.064 - 0.362ms returns FALSE
T51EC 5259:993.600 JLINK_GetHWStatus(...)
T51EC 5259:994.112 - 0.264ms returns 0
T51EC 5259:994.112 JLINK_IsHalted()
T51EC 5259:994.112 - 0.325ms returns FALSE
T51EC 5259:996.160 JLINK_GetHWStatus(...)
T51EC 5259:996.160 - 0.213ms returns 0
T51EC 5259:996.160 JLINK_IsHalted()
T51EC 5259:996.160 - 0.332ms returns FALSE
T51EC 5259:998.208 JLINK_GetHWStatus(...)
T51EC 5259:998.208 - 0.161ms returns 0
T51EC 5259:998.208 JLINK_IsHalted()
T51EC 5259:998.208 - 0.325ms returns FALSE
T51EC 5260:000.256 JLINK_GetHWStatus(...)
T51EC 5260:000.256 - 0.188ms returns 0
T51EC 5260:000.256 JLINK_IsHalted()
T51EC 5260:000.256 - 0.379ms returns FALSE
T51EC 5260:002.304 JLINK_GetHWStatus(...)
T51EC 5260:002.304 - 0.213ms returns 0
T51EC 5260:002.304 JLINK_IsHalted()
T51EC 5260:002.304 - 0.390ms returns FALSE
T51EC 5260:004.352 JLINK_GetHWStatus(...)
T51EC 5260:004.352 - 0.190ms returns 0
T51EC 5260:004.352 JLINK_IsHalted()
T51EC 5260:004.864 - 0.375ms returns FALSE
T51EC 5260:006.400 JLINK_GetHWStatus(...)
T51EC 5260:006.400 - 0.149ms returns 0
T51EC 5260:006.400 JLINK_IsHalted()
T51EC 5260:006.912 - 0.407ms returns FALSE
T51EC 5260:008.448 JLINK_GetHWStatus(...)
T51EC 5260:008.448 - 0.272ms returns 0
T51EC 5260:008.448 JLINK_IsHalted()
T51EC 5260:008.960 - 0.382ms returns FALSE
T51EC 5260:010.496 JLINK_GetHWStatus(...)
T51EC 5260:010.496 - 0.179ms returns 0
T51EC 5260:010.496 JLINK_IsHalted()
T51EC 5260:011.008 - 0.412ms returns FALSE
T51EC 5260:012.544 JLINK_GetHWStatus(...)
T51EC 5260:012.544 - 0.249ms returns 0
T51EC 5260:012.544 JLINK_IsHalted()
T51EC 5260:013.568 - 0.542ms returns FALSE
T51EC 5260:014.592 JLINK_GetHWStatus(...)
T51EC 5260:015.104 - 0.223ms returns 0
T51EC 5260:015.104 JLINK_IsHalted()
T51EC 5260:015.616 - 0.393ms returns FALSE
T51EC 5260:016.640 JLINK_GetHWStatus(...)
T51EC 5260:016.640 - 0.172ms returns 0
T51EC 5260:017.152 JLINK_IsHalted()
T51EC 5260:017.152 - 0.398ms returns FALSE
T51EC 5260:018.688 JLINK_GetHWStatus(...)
T51EC 5260:018.688 - 0.226ms returns 0
T51EC 5260:019.200 JLINK_IsHalted()
T51EC 5260:019.200 - 0.354ms returns FALSE
T51EC 5260:020.736 JLINK_GetHWStatus(...)
T51EC 5260:021.248 - 0.201ms returns 0
T51EC 5260:021.248 JLINK_IsHalted()
T51EC 5260:021.760 - 0.398ms returns FALSE
T51EC 5260:022.784 JLINK_GetHWStatus(...)
T51EC 5260:023.296 - 0.193ms returns 0
T51EC 5260:023.296 JLINK_IsHalted()
T51EC 5260:023.808 - 0.321ms returns FALSE
T51EC 5260:025.344 JLINK_GetHWStatus(...)
T51EC 5260:025.344 - 0.211ms returns 0
T51EC 5260:025.344 JLINK_IsHalted()
T51EC 5260:025.856 - 0.425ms returns FALSE
T51EC 5260:027.392 JLINK_GetHWStatus(...)
T51EC 5260:027.392 - 0.179ms returns 0
T51EC 5260:027.392 JLINK_IsHalted()
T51EC 5260:027.904 - 0.334ms returns FALSE
T51EC 5260:029.952 JLINK_GetHWStatus(...)
T51EC 5260:029.952 - 0.163ms returns 0
T51EC 5260:029.952 JLINK_IsHalted()
T51EC 5260:030.464 - 0.288ms returns FALSE
T51EC 5260:032.000 JLINK_GetHWStatus(...)
T51EC 5260:032.000 - 0.201ms returns 0
T51EC 5260:032.000 JLINK_IsHalted()
T51EC 5260:032.512 - 0.315ms returns FALSE
T51EC 5260:034.048 JLINK_GetHWStatus(...)
T51EC 5260:034.048 - 0.173ms returns 0
T51EC 5260:034.048 JLINK_IsHalted()
T51EC 5260:034.560 - 0.401ms returns FALSE
T51EC 5260:036.096 JLINK_GetHWStatus(...)
T51EC 5260:036.096 - 0.169ms returns 0
T51EC 5260:036.096 JLINK_IsHalted()
T51EC 5260:036.608 - 0.337ms returns FALSE
T51EC 5260:038.144 JLINK_GetHWStatus(...)
T51EC 5260:038.656 - 0.210ms returns 0
T51EC 5260:038.656 JLINK_IsHalted()
T51EC 5260:039.168 - 0.347ms returns FALSE
T51EC 5260:040.704 JLINK_GetHWStatus(...)
T51EC 5260:041.216 - 0.238ms returns 0
T51EC 5260:041.216 JLINK_IsHalted()
T51EC 5260:041.216 - 0.338ms returns FALSE
T51EC 5260:042.752 JLINK_GetHWStatus(...)
T51EC 5260:042.752 - 0.180ms returns 0
T51EC 5260:042.752 JLINK_IsHalted()
T51EC 5260:043.264 - 0.361ms returns FALSE
T51EC 5260:044.800 JLINK_GetHWStatus(...)
T51EC 5260:044.800 - 0.220ms returns 0
T51EC 5260:045.312 JLINK_IsHalted()
T51EC 5260:045.312 - 0.318ms returns FALSE
T51EC 5260:047.360 JLINK_GetHWStatus(...)
T51EC 5260:047.360 - 0.211ms returns 0
T51EC 5260:047.360 JLINK_IsHalted()
T51EC 5260:047.872 - 0.381ms returns FALSE
T51EC 5260:049.408 JLINK_GetHWStatus(...)
T51EC 5260:049.408 - 0.192ms returns 0
T51EC 5260:049.408 JLINK_IsHalted()
T51EC 5260:049.920 - 0.359ms returns FALSE
T51EC 5260:051.456 JLINK_GetHWStatus(...)
T51EC 5260:051.456 - 0.198ms returns 0
T51EC 5260:051.456 JLINK_IsHalted()
T51EC 5260:051.968 - 0.325ms returns FALSE
T51EC 5260:053.504 JLINK_GetHWStatus(...)
T51EC 5260:053.504 - 0.187ms returns 0
T51EC 5260:053.504 JLINK_IsHalted()
T51EC 5260:054.016 - 0.428ms returns FALSE
T51EC 5260:055.552 JLINK_GetHWStatus(...)
T51EC 5260:055.552 - 0.268ms returns 0
T51EC 5260:055.552 JLINK_IsHalted()
T51EC 5260:056.064 - 0.451ms returns FALSE
T51EC 5260:057.600 JLINK_GetHWStatus(...)
T51EC 5260:057.600 - 0.181ms returns 0
T51EC 5260:057.600 JLINK_IsHalted()
T51EC 5260:058.112 - 0.366ms returns FALSE
T51EC 5260:059.648 JLINK_GetHWStatus(...)
T51EC 5260:060.160 - 0.221ms returns 0
T51EC 5260:060.160 JLINK_IsHalted()
T51EC 5260:060.672 - 0.445ms returns FALSE
T51EC 5260:062.208 JLINK_GetHWStatus(...)
T51EC 5260:062.720 - 0.206ms returns 0
T51EC 5260:062.720 JLINK_IsHalted()
T51EC 5260:063.232 - 0.493ms returns FALSE
T51EC 5260:064.768 JLINK_GetHWStatus(...)
T51EC 5260:064.768 - 0.175ms returns 0
T51EC 5260:064.768 JLINK_IsHalted()
T51EC 5260:065.280 - 0.367ms returns FALSE
T51EC 5260:066.816 JLINK_GetHWStatus(...)
T51EC 5260:066.816 - 0.168ms returns 0
T51EC 5260:066.816 JLINK_IsHalted()
T51EC 5260:067.328 - 0.325ms returns FALSE
T51EC 5260:068.864 JLINK_GetHWStatus(...)
T51EC 5260:068.864 - 0.216ms returns 0
T51EC 5260:069.376 JLINK_IsHalted()
T51EC 5260:069.376 - 0.343ms returns FALSE
T51EC 5260:070.912 JLINK_GetHWStatus(...)
T51EC 5260:071.424 - 0.193ms returns 0
T51EC 5260:071.424 JLINK_IsHalted()
T51EC 5260:071.936 - 0.396ms returns FALSE
T51EC 5260:072.960 JLINK_GetHWStatus(...)
T51EC 5260:073.472 - 0.158ms returns 0
T51EC 5260:073.472 JLINK_IsHalted()
T51EC 5260:073.472 - 0.321ms returns FALSE
T51EC 5260:075.008 JLINK_GetHWStatus(...)
T51EC 5260:075.520 - 0.179ms returns 0
T51EC 5260:075.520 JLINK_IsHalted()
T51EC 5260:076.032 - 0.331ms returns FALSE
T51EC 5260:077.568 JLINK_GetHWStatus(...)
T51EC 5260:077.568 - 0.176ms returns 0
T51EC 5260:077.568 JLINK_IsHalted()
T51EC 5260:078.080 - 0.371ms returns FALSE
T51EC 5260:080.128 JLINK_GetHWStatus(...)
T51EC 5260:080.128 - 0.186ms returns 0
T51EC 5260:080.128 JLINK_IsHalted()
T51EC 5260:080.128 - 0.329ms returns FALSE
T51EC 5260:082.176 JLINK_GetHWStatus(...)
T51EC 5260:082.176 - 0.169ms returns 0
T51EC 5260:082.176 JLINK_IsHalted()
T51EC 5260:082.176 - 0.311ms returns FALSE
T51EC 5260:084.224 JLINK_GetHWStatus(...)
T51EC 5260:084.224 - 0.164ms returns 0
T51EC 5260:084.224 JLINK_IsHalted()
T51EC 5260:084.224 - 0.321ms returns FALSE
T51EC 5260:086.272 JLINK_GetHWStatus(...)
T51EC 5260:086.272 - 0.241ms returns 0
T51EC 5260:086.272 JLINK_IsHalted()
T51EC 5260:086.784 - 0.357ms returns FALSE
T51EC 5260:088.320 JLINK_GetHWStatus(...)
T51EC 5260:088.832 - 0.286ms returns 0
T51EC 5260:088.832 JLINK_IsHalted()
T51EC 5260:089.344 - 0.380ms returns FALSE
T51EC 5260:090.368 JLINK_GetHWStatus(...)
T51EC 5260:090.368 - 0.225ms returns 0
T51EC 5260:090.368 JLINK_IsHalted()
T51EC 5260:090.880 - 0.342ms returns FALSE
T51EC 5260:092.416 JLINK_GetHWStatus(...)
T51EC 5260:092.416 - 0.165ms returns 0
T51EC 5260:092.416 JLINK_IsHalted()
T51EC 5260:092.928 - 0.401ms returns FALSE
T51EC 5260:094.464 JLINK_GetHWStatus(...)
T51EC 5260:094.464 - 0.191ms returns 0
T51EC 5260:094.464 JLINK_IsHalted()
T51EC 5260:094.976 - 0.324ms returns FALSE
T51EC 5260:096.512 JLINK_GetHWStatus(...)
T51EC 5260:096.512 - 0.162ms returns 0
T51EC 5260:096.512 JLINK_IsHalted()
T51EC 5260:097.024 - 0.321ms returns FALSE
T51EC 5260:098.560 JLINK_GetHWStatus(...)
T51EC 5260:098.560 - 0.166ms returns 0
T51EC 5260:098.560 JLINK_IsHalted()
T51EC 5260:099.072 - 0.451ms returns FALSE
T51EC 5260:100.608 JLINK_GetHWStatus(...)
T51EC 5260:100.608 - 0.213ms returns 0
T51EC 5260:100.608 JLINK_IsHalted()
T51EC 5260:101.120 - 0.343ms returns FALSE
T51EC 5260:102.656 JLINK_GetHWStatus(...)
T51EC 5260:102.656 - 0.215ms returns 0
T51EC 5260:103.168 JLINK_IsHalted()
T51EC 5260:103.168 - 0.389ms returns FALSE
T51EC 5260:104.704 JLINK_GetHWStatus(...)
T51EC 5260:104.704 - 0.180ms returns 0
T51EC 5260:104.704 JLINK_IsHalted()
T51EC 5260:105.728 - 0.500ms returns FALSE
T51EC 5260:106.752 JLINK_GetHWStatus(...)
T51EC 5260:106.752 - 0.219ms returns 0
T51EC 5260:106.752 JLINK_IsHalted()
T51EC 5260:107.264 - 0.439ms returns FALSE
T51EC 5260:108.800 JLINK_GetHWStatus(...)
T51EC 5260:108.800 - 0.185ms returns 0
T51EC 5260:108.800 JLINK_IsHalted()
T51EC 5260:109.312 - 0.345ms returns FALSE
T51EC 5260:110.848 JLINK_GetHWStatus(...)
T51EC 5260:110.848 - 0.151ms returns 0
T51EC 5260:110.848 JLINK_IsHalted()
T51EC 5260:111.360 - 0.343ms returns FALSE
T51EC 5260:112.896 JLINK_GetHWStatus(...)
T51EC 5260:112.896 - 0.160ms returns 0
T51EC 5260:112.896 JLINK_IsHalted()
T51EC 5260:113.408 - 0.314ms returns FALSE
T51EC 5260:114.944 JLINK_GetHWStatus(...)
T51EC 5260:114.944 - 0.167ms returns 0
T51EC 5260:114.944 JLINK_IsHalted()
T51EC 5260:115.456 - 0.295ms returns FALSE
T51EC 5260:116.992 JLINK_GetHWStatus(...)
T51EC 5260:116.992 - 0.189ms returns 0
T51EC 5260:116.992 JLINK_IsHalted()
T51EC 5260:117.504 - 0.313ms returns FALSE
T51EC 5260:119.040 JLINK_GetHWStatus(...)
T51EC 5260:119.040 - 0.167ms returns 0
T51EC 5260:119.040 JLINK_IsHalted()
T51EC 5260:119.552 - 0.392ms returns FALSE
T51EC 5260:121.600 JLINK_GetHWStatus(...)
T51EC 5260:121.600 - 0.161ms returns 0
T51EC 5260:121.600 JLINK_IsHalted()
T51EC 5260:122.112 - 0.389ms returns FALSE
T51EC 5260:123.648 JLINK_GetHWStatus(...)
T51EC 5260:123.648 - 0.192ms returns 0
T51EC 5260:123.648 JLINK_IsHalted()
T51EC 5260:124.160 - 0.397ms returns FALSE
T51EC 5260:125.696 JLINK_GetHWStatus(...)
T51EC 5260:126.208 - 0.179ms returns 0
T51EC 5260:126.208 JLINK_IsHalted()
T51EC 5260:126.720 - 0.412ms returns FALSE
T51EC 5260:127.744 JLINK_GetHWStatus(...)
T51EC 5260:128.256 - 0.227ms returns 0
T51EC 5260:128.256 JLINK_IsHalted()
T51EC 5260:128.768 - 0.338ms returns FALSE
T51EC 5260:129.792 JLINK_GetHWStatus(...)
T51EC 5260:130.304 - 0.176ms returns 0
T51EC 5260:130.304 JLINK_IsHalted()
T51EC 5260:130.816 - 0.363ms returns FALSE
T51EC 5260:132.352 JLINK_GetHWStatus(...)
T51EC 5260:132.352 - 0.197ms returns 0
T51EC 5260:132.352 JLINK_IsHalted()
T51EC 5260:132.864 - 0.296ms returns FALSE
T51EC 5260:133.888 JLINK_GetHWStatus(...)
T51EC 5260:134.400 - 0.163ms returns 0
T51EC 5260:134.400 JLINK_IsHalted()
T51EC 5260:134.912 - 0.322ms returns FALSE
T51EC 5260:135.936 JLINK_GetHWStatus(...)
T51EC 5260:136.448 - 0.193ms returns 0
T51EC 5260:136.448 JLINK_IsHalted()
T51EC 5260:136.960 - 0.403ms returns FALSE
T51EC 5260:137.984 JLINK_GetHWStatus(...)
T51EC 5260:138.496 - 0.165ms returns 0
T51EC 5260:138.496 JLINK_IsHalted()
T51EC 5260:139.008 - 0.337ms returns FALSE
T51EC 5260:140.032 JLINK_GetHWStatus(...)
T51EC 5260:140.544 - 0.168ms returns 0
T51EC 5260:140.544 JLINK_IsHalted()
T51EC 5260:141.056 - 0.374ms returns FALSE
T51EC 5260:142.080 JLINK_GetHWStatus(...)
T51EC 5260:142.592 - 0.219ms returns 0
T51EC 5260:142.592 JLINK_IsHalted()
T51EC 5260:143.104 - 0.343ms returns FALSE
T51EC 5260:144.128 JLINK_GetHWStatus(...)
T51EC 5260:144.640 - 0.201ms returns 0
T51EC 5260:144.640 JLINK_IsHalted()
T51EC 5260:145.152 - 0.419ms returns FALSE
T51EC 5260:146.176 JLINK_GetHWStatus(...)
T51EC 5260:146.688 - 0.224ms returns 0
T51EC 5260:146.688 JLINK_IsHalted()
T51EC 5260:147.200 - 0.351ms returns FALSE
T51EC 5260:148.736 JLINK_GetHWStatus(...)
T51EC 5260:149.248 - 0.223ms returns 0
T51EC 5260:149.248 JLINK_IsHalted()
T51EC 5260:149.760 - 0.516ms returns FALSE
T51EC 5260:151.296 JLINK_GetHWStatus(...)
T51EC 5260:151.296 - 0.187ms returns 0
T51EC 5260:151.296 JLINK_IsHalted()
T51EC 5260:151.808 - 0.348ms returns FALSE
T51EC 5260:153.344 JLINK_GetHWStatus(...)
T51EC 5260:153.856 - 0.226ms returns 0
T51EC 5260:153.856 JLINK_IsHalted()
T51EC 5260:153.856 - 0.355ms returns FALSE
T51EC 5260:155.392 JLINK_GetHWStatus(...)
T51EC 5260:155.904 - 0.181ms returns 0
T51EC 5260:155.904 JLINK_IsHalted()
T51EC 5260:155.904 - 0.526ms returns FALSE
T51EC 5260:157.440 JLINK_GetHWStatus(...)
T51EC 5260:157.440 - 0.166ms returns 0
T51EC 5260:157.440 JLINK_IsHalted()
T51EC 5260:157.952 - 0.444ms returns FALSE
T51EC 5260:159.488 JLINK_GetHWStatus(...)
T51EC 5260:160.000 - 0.290ms returns 0
T51EC 5260:160.000 JLINK_IsHalted()
T51EC 5260:160.000 - 0.325ms returns FALSE
T51EC 5260:161.536 JLINK_GetHWStatus(...)
T51EC 5260:162.048 - 0.202ms returns 0
T51EC 5260:162.048 JLINK_IsHalted()
T51EC 5260:162.048 - 0.384ms returns FALSE
T51EC 5260:163.584 JLINK_GetHWStatus(...)
T51EC 5260:164.096 - 0.179ms returns 0
T51EC 5260:164.096 JLINK_IsHalted()
T51EC 5260:164.096 - 0.329ms returns FALSE
T51EC 5260:166.144 JLINK_GetHWStatus(...)
T51EC 5260:166.144 - 0.183ms returns 0
T51EC 5260:166.144 JLINK_IsHalted()
T51EC 5260:166.144 - 0.318ms returns FALSE
T51EC 5260:168.192 JLINK_GetHWStatus(...)
T51EC 5260:168.192 - 0.191ms returns 0
T51EC 5260:168.192 JLINK_IsHalted()
T51EC 5260:168.192 - 0.419ms returns FALSE
T51EC 5260:170.240 JLINK_GetHWStatus(...)
T51EC 5260:170.240 - 0.155ms returns 0
T51EC 5260:170.240 JLINK_IsHalted()
T51EC 5260:170.240 - 0.373ms returns FALSE
T51EC 5260:172.288 JLINK_GetHWStatus(...)
T51EC 5260:172.288 - 0.172ms returns 0
T51EC 5260:172.288 JLINK_IsHalted()
T51EC 5260:172.288 - 0.397ms returns FALSE
T51EC 5260:174.336 JLINK_GetHWStatus(...)
T51EC 5260:174.336 - 0.164ms returns 0
T51EC 5260:174.336 JLINK_IsHalted()
T51EC 5260:174.336 - 0.420ms returns FALSE
T51EC 5260:176.384 JLINK_GetHWStatus(...)
T51EC 5260:176.384 - 0.151ms returns 0
T51EC 5260:176.384 JLINK_IsHalted()
T51EC 5260:176.384 - 0.370ms returns FALSE
T51EC 5260:178.432 JLINK_GetHWStatus(...)
T51EC 5260:178.432 - 0.212ms returns 0
T51EC 5260:178.432 JLINK_IsHalted()
T51EC 5260:178.432 - 0.393ms returns FALSE
T51EC 5260:180.480 JLINK_GetHWStatus(...)
T51EC 5260:180.480 - 0.200ms returns 0
T51EC 5260:180.480 JLINK_IsHalted()
T51EC 5260:180.992 - 0.402ms returns FALSE
T51EC 5260:182.528 JLINK_GetHWStatus(...)
T51EC 5260:182.528 - 0.171ms returns 0
T51EC 5260:182.528 JLINK_IsHalted()
T51EC 5260:183.040 - 0.343ms returns FALSE
T51EC 5260:184.576 JLINK_GetHWStatus(...)
T51EC 5260:184.576 - 0.160ms returns 0
T51EC 5260:184.576 JLINK_IsHalted()
T51EC 5260:185.088 - 0.368ms returns FALSE
T51EC 5260:186.624 JLINK_GetHWStatus(...)
T51EC 5260:186.624 - 0.187ms returns 0
T51EC 5260:186.624 JLINK_IsHalted()
T51EC 5260:187.136 - 0.336ms returns FALSE
T51EC 5260:188.672 JLINK_GetHWStatus(...)
T51EC 5260:188.672 - 0.172ms returns 0
T51EC 5260:188.672 JLINK_IsHalted()
T51EC 5260:189.184 - 0.368ms returns FALSE
T51EC 5260:190.720 JLINK_GetHWStatus(...)
T51EC 5260:190.720 - 0.211ms returns 0
T51EC 5260:190.720 JLINK_IsHalted()
T51EC 5260:191.232 - 0.411ms returns FALSE
T51EC 5260:192.768 JLINK_GetHWStatus(...)
T51EC 5260:192.768 - 0.221ms returns 0
T51EC 5260:192.768 JLINK_IsHalted()
T51EC 5260:193.280 - 0.483ms returns FALSE
T51EC 5260:194.816 JLINK_GetHWStatus(...)
T51EC 5260:194.816 - 0.179ms returns 0
T51EC 5260:194.816 JLINK_IsHalted()
T51EC 5260:195.328 - 0.416ms returns FALSE
T51EC 5260:196.864 JLINK_GetHWStatus(...)
T51EC 5260:197.376 - 0.191ms returns 0
T51EC 5260:197.376 JLINK_IsHalted()
T51EC 5260:197.888 - 0.399ms returns FALSE
T51EC 5260:198.912 JLINK_GetHWStatus(...)
T51EC 5260:199.424 - 0.184ms returns 0
T51EC 5260:199.424 JLINK_IsHalted()
T51EC 5260:199.936 - 0.507ms returns FALSE
T51EC 5260:200.960 JLINK_GetHWStatus(...)
T51EC 5260:201.472 - 0.204ms returns 0
T51EC 5260:201.472 JLINK_IsHalted()
T51EC 5260:201.984 - 0.437ms returns FALSE
T51EC 5260:203.008 JLINK_GetHWStatus(...)
T51EC 5260:203.520 - 0.201ms returns 0
T51EC 5260:203.520 JLINK_IsHalted()
T51EC 5260:204.032 - 0.482ms returns FALSE
T51EC 5260:205.568 JLINK_GetHWStatus(...)
T51EC 5260:205.568 - 0.166ms returns 0
T51EC 5260:205.568 JLINK_IsHalted()
T51EC 5260:206.080 - 0.342ms returns FALSE
T51EC 5260:207.616 JLINK_GetHWStatus(...)
T51EC 5260:207.616 - 0.178ms returns 0
T51EC 5260:207.616 JLINK_IsHalted()
T51EC 5260:208.128 - 0.341ms returns FALSE
T51EC 5260:209.664 JLINK_GetHWStatus(...)
T51EC 5260:209.664 - 0.190ms returns 0
T51EC 5260:209.664 JLINK_IsHalted()
T51EC 5260:210.176 - 0.410ms returns FALSE
T51EC 5260:211.200 JLINK_GetHWStatus(...)
T51EC 5260:211.712 - 0.179ms returns 0
T51EC 5260:211.712 JLINK_IsHalted()
T51EC 5260:212.224 - 0.304ms returns FALSE
T51EC 5260:213.248 JLINK_GetHWStatus(...)
T51EC 5260:213.760 - 0.170ms returns 0
T51EC 5260:213.760 JLINK_IsHalted()
T51EC 5260:214.272 - 0.388ms returns FALSE
T51EC 5260:215.296 JLINK_GetHWStatus(...)
T51EC 5260:215.808 - 0.171ms returns 0
T51EC 5260:215.808 JLINK_IsHalted()
T51EC 5260:216.320 - 0.323ms returns FALSE
T51EC 5260:218.368 JLINK_GetHWStatus(...)
T51EC 5260:218.368 - 0.243ms returns 0
T51EC 5260:218.368 JLINK_IsHalted()
T51EC 5260:218.880 - 0.339ms returns FALSE
T51EC 5260:220.416 JLINK_GetHWStatus(...)
T51EC 5260:220.416 - 0.206ms returns 0
T51EC 5260:220.416 JLINK_IsHalted()
T51EC 5260:220.928 - 0.407ms returns FALSE
T51EC 5260:222.464 JLINK_GetHWStatus(...)
T51EC 5260:222.464 - 0.160ms returns 0
T51EC 5260:222.464 JLINK_IsHalted()
T51EC 5260:222.976 - 0.327ms returns FALSE
T51EC 5260:224.512 JLINK_GetHWStatus(...)
T51EC 5260:225.024 - 0.186ms returns 0
T51EC 5260:225.024 JLINK_IsHalted()
T51EC 5260:225.536 - 0.362ms returns FALSE
T51EC 5260:226.560 JLINK_GetHWStatus(...)
T51EC 5260:227.072 - 0.169ms returns 0
T51EC 5260:227.072 JLINK_IsHalted()
T51EC 5260:227.584 - 0.316ms returns FALSE
T51EC 5260:228.608 JLINK_GetHWStatus(...)
T51EC 5260:229.120 - 0.162ms returns 0
T51EC 5260:229.120 JLINK_IsHalted()
T51EC 5260:229.120 - 0.307ms returns FALSE
T51EC 5260:231.168 JLINK_GetHWStatus(...)
T51EC 5260:231.168 - 0.193ms returns 0
T51EC 5260:231.168 JLINK_IsHalted()
T51EC 5260:231.680 - 0.335ms returns FALSE
T51EC 5260:233.216 JLINK_GetHWStatus(...)
T51EC 5260:233.216 - 0.186ms returns 0
T51EC 5260:233.216 JLINK_IsHalted()
T51EC 5260:233.728 - 0.326ms returns FALSE
T51EC 5260:235.776 JLINK_GetHWStatus(...)
T51EC 5260:235.776 - 0.182ms returns 0
T51EC 5260:235.776 JLINK_IsHalted()
T51EC 5260:235.776 - 0.350ms returns FALSE
T51EC 5260:237.824 JLINK_GetHWStatus(...)
T51EC 5260:237.824 - 0.179ms returns 0
T51EC 5260:237.824 JLINK_IsHalted()
T51EC 5260:237.824 - 0.331ms returns FALSE
T51EC 5260:239.872 JLINK_GetHWStatus(...)
T51EC 5260:239.872 - 0.201ms returns 0
T51EC 5260:239.872 JLINK_IsHalted()
T51EC 5260:240.384 - 0.333ms returns FALSE
T51EC 5260:241.920 JLINK_GetHWStatus(...)
T51EC 5260:241.920 - 0.181ms returns 0
T51EC 5260:241.920 JLINK_IsHalted()
T51EC 5260:242.432 - 0.526ms returns FALSE
T51EC 5260:243.968 JLINK_GetHWStatus(...)
T51EC 5260:243.968 - 0.201ms returns 0
T51EC 5260:243.968 JLINK_IsHalted()
T51EC 5260:244.480 - 0.361ms returns FALSE
T51EC 5260:246.016 JLINK_GetHWStatus(...)
T51EC 5260:246.016 - 0.171ms returns 0
T51EC 5260:246.016 JLINK_IsHalted()
T51EC 5260:246.528 - 0.460ms returns FALSE
T51EC 5260:248.576 JLINK_GetHWStatus(...)
T51EC 5260:248.576 - 0.239ms returns 0
T51EC 5260:248.576 JLINK_IsHalted()
T51EC 5260:249.088 - 0.436ms returns FALSE
T51EC 5260:250.624 JLINK_GetHWStatus(...)
T51EC 5260:250.624 - 0.202ms returns 0
T51EC 5260:250.624 JLINK_IsHalted()
T51EC 5260:251.136 - 0.337ms returns FALSE
T51EC 5260:252.672 JLINK_GetHWStatus(...)
T51EC 5260:252.672 - 0.170ms returns 0
T51EC 5260:252.672 JLINK_IsHalted()
T51EC 5260:253.184 - 0.340ms returns FALSE
T51EC 5260:254.720 JLINK_GetHWStatus(...)
T51EC 5260:255.232 - 0.262ms returns 0
T51EC 5260:255.232 JLINK_IsHalted()
T51EC 5260:255.744 - 0.332ms returns FALSE
T51EC 5260:256.768 JLINK_GetHWStatus(...)
T51EC 5260:257.280 - 0.177ms returns 0
T51EC 5260:257.280 JLINK_IsHalted()
T51EC 5260:257.792 - 0.359ms returns FALSE
T51EC 5260:258.816 JLINK_GetHWStatus(...)
T51EC 5260:259.328 - 0.170ms returns 0
T51EC 5260:259.328 JLINK_IsHalted()
T51EC 5260:259.840 - 0.368ms returns FALSE
T51EC 5260:260.864 JLINK_GetHWStatus(...)
T51EC 5260:261.376 - 0.175ms returns 0
T51EC 5260:261.376 JLINK_IsHalted()
T51EC 5260:261.376 - 0.361ms returns FALSE
T51EC 5260:262.912 JLINK_GetHWStatus(...)
T51EC 5260:262.912 - 0.158ms returns 0
T51EC 5260:262.912 JLINK_IsHalted()
T51EC 5260:263.424 - 0.373ms returns FALSE
T51EC 5260:264.960 JLINK_GetHWStatus(...)
T51EC 5260:264.960 - 0.164ms returns 0
T51EC 5260:264.960 JLINK_IsHalted()
T51EC 5260:265.472 - 0.348ms returns FALSE
T51EC 5260:267.008 JLINK_GetHWStatus(...)
T51EC 5260:267.008 - 0.163ms returns 0
T51EC 5260:267.008 JLINK_IsHalted()
T51EC 5260:267.520 - 0.308ms returns FALSE
T51EC 5260:269.056 JLINK_GetHWStatus(...)
T51EC 5260:269.568 - 0.198ms returns 0
T51EC 5260:269.568 JLINK_IsHalted()
T51EC 5260:270.080 - 0.333ms returns FALSE
T51EC 5260:271.616 JLINK_GetHWStatus(...)
T51EC 5260:271.616 - 0.163ms returns 0
T51EC 5260:271.616 JLINK_IsHalted()
T51EC 5260:272.128 - 0.353ms returns FALSE
T51EC 5260:273.664 JLINK_GetHWStatus(...)
T51EC 5260:273.664 - 0.212ms returns 0
T51EC 5260:273.664 JLINK_IsHalted()
T51EC 5260:274.176 - 0.309ms returns FALSE
T51EC 5260:275.712 JLINK_GetHWStatus(...)
T51EC 5260:276.224 - 0.264ms returns 0
T51EC 5260:276.224 JLINK_IsHalted()
T51EC 5260:276.736 - 0.364ms returns FALSE
T51EC 5260:277.760 JLINK_GetHWStatus(...)
T51EC 5260:278.272 - 0.195ms returns 0
T51EC 5260:278.272 JLINK_IsHalted()
T51EC 5260:278.272 - 0.320ms returns FALSE
T51EC 5260:279.808 JLINK_GetHWStatus(...)
T51EC 5260:279.808 - 0.152ms returns 0
T51EC 5260:280.320 JLINK_IsHalted()
T51EC 5260:280.320 - 0.288ms returns FALSE
T51EC 5260:281.856 JLINK_GetHWStatus(...)
T51EC 5260:282.368 - 0.179ms returns 0
T51EC 5260:282.368 JLINK_IsHalted()
T51EC 5260:282.368 - 0.322ms returns FALSE
T51EC 5260:284.416 JLINK_GetHWStatus(...)
T51EC 5260:284.928 - 0.270ms returns 0
T51EC 5260:284.928 JLINK_IsHalted()
T51EC 5260:284.928 - 0.363ms returns FALSE
T51EC 5260:286.464 JLINK_GetHWStatus(...)
T51EC 5260:286.976 - 0.214ms returns 0
T51EC 5260:286.976 JLINK_IsHalted()
T51EC 5260:286.976 - 0.395ms returns FALSE
T51EC 5260:289.024 JLINK_GetHWStatus(...)
T51EC 5260:289.024 - 0.163ms returns 0
T51EC 5260:289.024 JLINK_IsHalted()
T51EC 5260:289.024 - 0.381ms returns FALSE
T51EC 5260:291.072 JLINK_GetHWStatus(...)
T51EC 5260:291.072 - 0.238ms returns 0
T51EC 5260:291.072 JLINK_IsHalted()
T51EC 5260:291.072 - 0.505ms returns FALSE
T51EC 5260:293.120 JLINK_GetHWStatus(...)
T51EC 5260:293.120 - 0.214ms returns 0
T51EC 5260:293.120 JLINK_IsHalted()
T51EC 5260:293.120 - 0.305ms returns FALSE
T51EC 5260:295.168 JLINK_GetHWStatus(...)
T51EC 5260:295.168 - 0.195ms returns 0
T51EC 5260:295.168 JLINK_IsHalted()
T51EC 5260:295.680 - 0.502ms returns FALSE
T51EC 5260:297.216 JLINK_GetHWStatus(...)
T51EC 5260:297.216 - 0.191ms returns 0
T51EC 5260:297.216 JLINK_IsHalted()
T51EC 5260:297.216 - 0.317ms returns FALSE
T51EC 5260:299.264 JLINK_GetHWStatus(...)
T51EC 5260:299.264 - 0.201ms returns 0
T51EC 5260:299.264 JLINK_IsHalted()
T51EC 5260:299.264 - 0.344ms returns FALSE
T51EC 5260:301.312 JLINK_GetHWStatus(...)
T51EC 5260:301.312 - 0.226ms returns 0
T51EC 5260:301.312 JLINK_IsHalted()
T51EC 5260:301.312 - 0.345ms returns FALSE
T51EC 5260:303.360 JLINK_GetHWStatus(...)
T51EC 5260:303.872 - 0.227ms returns 0
T51EC 5260:303.872 JLINK_IsHalted()
T51EC 5260:304.384 - 0.334ms returns FALSE
T51EC 5260:305.920 JLINK_GetHWStatus(...)
T51EC 5260:305.920 - 0.195ms returns 0
T51EC 5260:305.920 JLINK_IsHalted()
T51EC 5260:306.432 - 0.348ms returns FALSE
T51EC 5260:307.968 JLINK_GetHWStatus(...)
T51EC 5260:307.968 - 0.218ms returns 0
T51EC 5260:307.968 JLINK_IsHalted()
T51EC 5260:308.480 - 0.318ms returns FALSE
T51EC 5260:310.016 JLINK_GetHWStatus(...)
T51EC 5260:310.528 - 0.220ms returns 0
T51EC 5260:310.528 JLINK_IsHalted()
T51EC 5260:311.040 - 0.319ms returns FALSE
T51EC 5260:312.576 JLINK_GetHWStatus(...)
T51EC 5260:312.576 - 0.183ms returns 0
T51EC 5260:312.576 JLINK_IsHalted()
T51EC 5260:313.088 - 0.394ms returns FALSE
T51EC 5260:314.624 JLINK_GetHWStatus(...)
T51EC 5260:314.624 - 0.173ms returns 0
T51EC 5260:314.624 JLINK_IsHalted()
T51EC 5260:315.136 - 0.371ms returns FALSE
T51EC 5260:316.672 JLINK_GetHWStatus(...)
T51EC 5260:316.672 - 0.273ms returns 0
T51EC 5260:317.184 JLINK_IsHalted()
T51EC 5260:317.696 - 0.360ms returns FALSE
T51EC 5260:318.720 JLINK_GetHWStatus(...)
T51EC 5260:318.720 - 0.219ms returns 0
T51EC 5260:318.720 JLINK_IsHalted()
T51EC 5260:319.232 - 0.353ms returns FALSE
T51EC 5260:320.768 JLINK_GetHWStatus(...)
T51EC 5260:320.768 - 0.219ms returns 0
T51EC 5260:320.768 JLINK_IsHalted()
T51EC 5260:321.280 - 0.322ms returns FALSE
T51EC 5260:322.816 JLINK_GetHWStatus(...)
T51EC 5260:322.816 - 0.215ms returns 0
T51EC 5260:323.328 JLINK_IsHalted()
T51EC 5260:323.328 - 0.327ms returns FALSE
T51EC 5260:325.888 JLINK_GetHWStatus(...)
T51EC 5260:325.888 - 0.282ms returns 0
T51EC 5260:325.888 JLINK_IsHalted()
T51EC 5260:325.888 - 0.354ms returns FALSE
T51EC 5260:327.936 JLINK_GetHWStatus(...)
T51EC 5260:327.936 - 0.188ms returns 0
T51EC 5260:327.936 JLINK_IsHalted()
T51EC 5260:327.936 - 0.340ms returns FALSE
T51EC 5260:329.984 JLINK_GetHWStatus(...)
T51EC 5260:329.984 - 0.193ms returns 0
T51EC 5260:329.984 JLINK_IsHalted()
T51EC 5260:329.984 - 0.328ms returns FALSE
T51EC 5260:332.032 JLINK_GetHWStatus(...)
T51EC 5260:332.032 - 0.232ms returns 0
T51EC 5260:332.032 JLINK_IsHalted()
T51EC 5260:332.032 - 0.343ms returns FALSE
T51EC 5260:334.080 JLINK_GetHWStatus(...)
T51EC 5260:334.592 - 0.218ms returns 0
T51EC 5260:334.592 JLINK_IsHalted()
T51EC 5260:335.104 - 0.368ms returns FALSE
T51EC 5260:336.128 JLINK_GetHWStatus(...)
T51EC 5260:336.640 - 0.262ms returns 0
T51EC 5260:336.640 JLINK_IsHalted()
T51EC 5260:337.152 - 0.347ms returns FALSE
T51EC 5260:338.176 JLINK_GetHWStatus(...)
T51EC 5260:338.688 - 0.233ms returns 0
T51EC 5260:338.688 JLINK_IsHalted()
T51EC 5260:339.200 - 0.441ms returns FALSE
T51EC 5260:340.224 JLINK_GetHWStatus(...)
T51EC 5260:340.224 - 0.208ms returns 0
T51EC 5260:340.736 JLINK_IsHalted()
T51EC 5260:341.248 - 0.437ms returns FALSE
T51EC 5260:342.272 JLINK_GetHWStatus(...)
T51EC 5260:342.272 - 0.231ms returns 0
T51EC 5260:342.272 JLINK_IsHalted()
T51EC 5260:342.784 - 0.461ms returns FALSE
T51EC 5260:344.320 JLINK_GetHWStatus(...)
T51EC 5260:344.832 - 0.257ms returns 0
T51EC 5260:344.832 JLINK_IsHalted()
T51EC 5260:345.344 - 0.357ms returns FALSE
T51EC 5260:346.368 JLINK_GetHWStatus(...)
T51EC 5260:346.880 - 0.228ms returns 0
T51EC 5260:346.880 JLINK_IsHalted()
T51EC 5260:347.392 - 0.388ms returns FALSE
T51EC 5260:348.928 JLINK_GetHWStatus(...)
T51EC 5260:348.928 - 0.244ms returns 0
T51EC 5260:348.928 JLINK_IsHalted()
T51EC 5260:349.440 - 0.357ms returns FALSE
T51EC 5260:350.976 JLINK_GetHWStatus(...)
T51EC 5260:351.488 - 0.263ms returns 0
T51EC 5260:351.488 JLINK_IsHalted()
T51EC 5260:352.000 - 0.415ms returns FALSE
T51EC 5260:353.536 JLINK_GetHWStatus(...)
T51EC 5260:353.536 - 0.251ms returns 0
T51EC 5260:353.536 JLINK_IsHalted()
T51EC 5260:354.048 - 0.353ms returns FALSE
T51EC 5260:356.096 JLINK_GetHWStatus(...)
T51EC 5260:356.096 - 0.234ms returns 0
T51EC 5260:356.608 JLINK_IsHalted()
T51EC 5260:356.608 - 0.359ms returns FALSE
T51EC 5260:358.144 JLINK_GetHWStatus(...)
T51EC 5260:358.656 - 0.209ms returns 0
T51EC 5260:358.656 JLINK_IsHalted()
T51EC 5260:358.656 - 0.384ms returns FALSE
T51EC 5260:360.704 JLINK_GetHWStatus(...)
T51EC 5260:360.704 - 0.261ms returns 0
T51EC 5260:360.704 JLINK_IsHalted()
T51EC 5260:361.216 - 0.383ms returns FALSE
T51EC 5260:362.752 JLINK_GetHWStatus(...)
T51EC 5260:363.264 - 0.254ms returns 0
T51EC 5260:363.264 JLINK_IsHalted()
T51EC 5260:363.776 - 0.382ms returns FALSE
T51EC 5260:365.312 JLINK_GetHWStatus(...)
T51EC 5260:365.312 - 0.241ms returns 0
T51EC 5260:365.312 JLINK_IsHalted()
T51EC 5260:365.824 - 0.384ms returns FALSE
T51EC 5260:367.360 JLINK_GetHWStatus(...)
T51EC 5260:367.360 - 0.231ms returns 0
T51EC 5260:367.360 JLINK_IsHalted()
T51EC 5260:367.872 - 0.339ms returns FALSE
T51EC 5260:369.408 JLINK_GetHWStatus(...)
T51EC 5260:369.920 - 0.294ms returns 0
T51EC 5260:369.920 JLINK_IsHalted()
T51EC 5260:370.432 - 0.405ms returns FALSE
T51EC 5260:371.456 JLINK_GetHWStatus(...)
T51EC 5260:371.968 - 0.253ms returns 0
T51EC 5260:371.968 JLINK_IsHalted()
T51EC 5260:372.480 - 0.382ms returns FALSE
T51EC 5260:373.504 JLINK_GetHWStatus(...)
T51EC 5260:374.016 - 0.236ms returns 0
T51EC 5260:374.016 JLINK_IsHalted()
T51EC 5260:374.528 - 0.450ms returns FALSE
T51EC 5260:375.552 JLINK_GetHWStatus(...)
T51EC 5260:376.064 - 0.293ms returns 0
T51EC 5260:376.064 JLINK_IsHalted()
T51EC 5260:376.576 - 0.363ms returns FALSE
T51EC 5260:378.112 JLINK_GetHWStatus(...)
T51EC 5260:378.624 - 0.291ms returns 0
T51EC 5260:378.624 JLINK_IsHalted()
T51EC 5260:379.136 - 0.359ms returns FALSE
T51EC 5260:380.672 JLINK_GetHWStatus(...)
T51EC 5260:381.184 - 0.288ms returns 0
T51EC 5260:381.184 JLINK_IsHalted()
T51EC 5260:381.184 - 0.474ms returns FALSE
T51EC 5260:382.720 JLINK_GetHWStatus(...)
T51EC 5260:383.232 - 0.216ms returns 0
T51EC 5260:383.232 JLINK_IsHalted()
T51EC 5260:383.232 - 0.379ms returns FALSE
T51EC 5260:384.768 JLINK_GetHWStatus(...)
T51EC 5260:385.280 - 0.243ms returns 0
T51EC 5260:385.280 JLINK_IsHalted()
T51EC 5260:385.280 - 0.443ms returns FALSE
T51EC 5260:386.816 JLINK_GetHWStatus(...)
T51EC 5260:387.328 - 0.240ms returns 0
T51EC 5260:387.328 JLINK_IsHalted()
T51EC 5260:387.328 - 0.451ms returns FALSE
T51EC 5260:389.376 JLINK_GetHWStatus(...)
T51EC 5260:389.376 - 0.251ms returns 0
T51EC 5260:389.376 JLINK_IsHalted()
T51EC 5260:389.376 - 0.340ms returns FALSE
T51EC 5260:390.912 JLINK_GetHWStatus(...)
T51EC 5260:391.424 - 0.273ms returns 0
T51EC 5260:391.424 JLINK_IsHalted()
T51EC 5260:391.424 - 0.372ms returns FALSE
T51EC 5260:393.472 JLINK_GetHWStatus(...)
T51EC 5260:393.984 - 0.262ms returns 0
T51EC 5260:393.984 JLINK_IsHalted()
T51EC 5260:394.496 - 0.353ms returns FALSE
T51EC 5260:396.032 JLINK_GetHWStatus(...)
T51EC 5260:396.544 - 0.232ms returns 0
T51EC 5260:396.544 JLINK_IsHalted()
T51EC 5260:397.056 - 0.340ms returns FALSE
T51EC 5260:398.592 JLINK_GetHWStatus(...)
T51EC 5260:399.104 - 0.219ms returns 0
T51EC 5260:399.104 JLINK_IsHalted()
T51EC 5260:399.616 - 0.390ms returns FALSE
T51EC 5260:400.640 JLINK_GetHWStatus(...)
T51EC 5260:401.152 - 0.327ms returns 0
T51EC 5260:401.152 JLINK_IsHalted()
T51EC 5260:401.664 - 0.378ms returns FALSE
T51EC 5260:403.200 JLINK_GetHWStatus(...)
T51EC 5260:403.712 - 0.850ms returns 0
T51EC 5260:403.712 JLINK_IsHalted()
T51EC 5260:404.224 - 0.376ms returns FALSE
T51EC 5260:405.760 JLINK_GetHWStatus(...)
T51EC 5260:405.760 - 0.354ms returns 0
T51EC 5260:406.272 JLINK_IsHalted()
T51EC 5260:406.272 - 0.327ms returns FALSE
T51EC 5260:407.808 JLINK_GetHWStatus(...)
T51EC 5260:408.320 - 0.212ms returns 0
T51EC 5260:408.320 JLINK_IsHalted()
T51EC 5260:408.832 - 0.329ms returns FALSE
T51EC 5260:410.368 JLINK_GetHWStatus(...)
T51EC 5260:410.880 - 0.216ms returns 0
T51EC 5260:410.880 JLINK_IsHalted()
T51EC 5260:411.392 - 0.348ms returns FALSE
T51EC 5260:412.416 JLINK_GetHWStatus(...)
T51EC 5260:412.928 - 0.287ms returns 0
T51EC 5260:412.928 JLINK_IsHalted()
T51EC 5260:413.440 - 0.344ms returns FALSE
T51EC 5260:414.976 JLINK_GetHWStatus(...)
T51EC 5260:415.488 - 0.260ms returns 0
T51EC 5260:415.488 JLINK_IsHalted()
T51EC 5260:416.000 - 0.352ms returns FALSE
T51EC 5260:417.024 JLINK_GetHWStatus(...)
T51EC 5260:417.536 - 0.226ms returns 0
T51EC 5260:417.536 JLINK_IsHalted()
T51EC 5260:418.048 - 0.415ms returns FALSE
T51EC 5260:419.584 JLINK_GetHWStatus(...)
T51EC 5260:419.584 - 0.252ms returns 0
T51EC 5260:419.584 JLINK_IsHalted()
T51EC 5260:420.096 - 0.365ms returns FALSE
T51EC 5260:421.632 JLINK_GetHWStatus(...)
T51EC 5260:422.144 - 0.233ms returns 0
T51EC 5260:422.144 JLINK_IsHalted()
T51EC 5260:422.144 - 0.339ms returns FALSE
T51EC 5260:423.680 JLINK_GetHWStatus(...)
T51EC 5260:424.192 - 0.214ms returns 0
T51EC 5260:424.192 JLINK_IsHalted()
T51EC 5260:424.192 - 0.361ms returns FALSE
T51EC 5260:425.728 JLINK_GetHWStatus(...)
T51EC 5260:426.240 - 0.460ms returns 0
T51EC 5260:426.752 JLINK_IsHalted()
T51EC 5260:427.264 - 0.378ms returns FALSE
T51EC 5260:429.312 JLINK_GetHWStatus(...)
T51EC 5260:429.312 - 0.293ms returns 0
T51EC 5260:429.824 JLINK_IsHalted()
T51EC 5260:430.336 - 0.403ms returns FALSE
T51EC 5260:431.360 JLINK_GetHWStatus(...)
T51EC 5260:431.360 - 0.218ms returns 0
T51EC 5260:431.872 JLINK_IsHalted()
T51EC 5260:432.384 - 0.373ms returns FALSE
T51EC 5260:434.432 JLINK_GetHWStatus(...)
T51EC 5260:434.432 - 0.260ms returns 0
T51EC 5260:434.432 JLINK_IsHalted()
T51EC 5260:434.944 - 0.498ms returns FALSE
T51EC 5260:436.480 JLINK_GetHWStatus(...)
T51EC 5260:436.480 - 0.189ms returns 0
T51EC 5260:436.480 JLINK_IsHalted()
T51EC 5260:436.992 - 0.405ms returns FALSE
T51EC 5260:438.528 JLINK_GetHWStatus(...)
T51EC 5260:439.040 - 0.205ms returns 0
T51EC 5260:439.040 JLINK_IsHalted()
T51EC 5260:439.552 - 0.450ms returns FALSE
T51EC 5260:440.576 JLINK_GetHWStatus(...)
T51EC 5260:441.088 - 0.356ms returns 0
T51EC 5260:441.088 JLINK_IsHalted()
T51EC 5260:441.600 - 0.355ms returns FALSE
T51EC 5260:443.136 JLINK_GetHWStatus(...)
T51EC 5260:443.648 - 0.225ms returns 0
T51EC 5260:443.648 JLINK_IsHalted()
T51EC 5260:444.160 - 0.347ms returns FALSE
T51EC 5260:445.696 JLINK_GetHWStatus(...)
T51EC 5260:445.696 - 0.215ms returns 0
T51EC 5260:445.696 JLINK_IsHalted()
T51EC 5260:446.208 - 0.394ms returns FALSE
T51EC 5260:448.256 JLINK_GetHWStatus(...)
T51EC 5260:448.256 - 0.209ms returns 0
T51EC 5260:448.256 JLINK_IsHalted()
T51EC 5260:448.768 - 0.352ms returns FALSE
T51EC 5260:450.816 JLINK_GetHWStatus(...)
T51EC 5260:450.816 - 0.307ms returns 0
T51EC 5260:450.816 JLINK_IsHalted()
T51EC 5260:450.816 - 0.376ms returns FALSE
T51EC 5260:452.352 JLINK_GetHWStatus(...)
T51EC 5260:452.864 - 0.239ms returns 0
T51EC 5260:452.864 JLINK_IsHalted()
T51EC 5260:452.864 - 0.370ms returns FALSE
T51EC 5260:454.400 JLINK_GetHWStatus(...)
T51EC 5260:454.912 - 0.232ms returns 0
T51EC 5260:454.912 JLINK_IsHalted()
T51EC 5260:454.912 - 0.350ms returns FALSE
T51EC 5260:456.960 JLINK_GetHWStatus(...)
T51EC 5260:456.960 - 0.259ms returns 0
T51EC 5260:456.960 JLINK_IsHalted()
T51EC 5260:457.472 - 0.363ms returns FALSE
T51EC 5260:459.008 JLINK_GetHWStatus(...)
T51EC 5260:459.008 - 0.227ms returns 0
T51EC 5260:459.008 JLINK_IsHalted()
T51EC 5260:459.008 - 0.357ms returns FALSE
T51EC 5260:461.056 JLINK_GetHWStatus(...)
T51EC 5260:461.056 - 0.242ms returns 0
T51EC 5260:461.056 JLINK_IsHalted()
T51EC 5260:461.568 - 0.353ms returns FALSE
T51EC 5260:463.104 JLINK_GetHWStatus(...)
T51EC 5260:463.104 - 0.246ms returns 0
T51EC 5260:463.104 JLINK_IsHalted()
T51EC 5260:463.616 - 0.388ms returns FALSE
T51EC 5260:465.152 JLINK_GetHWStatus(...)
T51EC 5260:465.152 - 0.244ms returns 0
T51EC 5260:465.152 JLINK_IsHalted()
T51EC 5260:465.664 - 0.344ms returns FALSE
T51EC 5260:467.200 JLINK_GetHWStatus(...)
T51EC 5260:467.200 - 0.185ms returns 0
T51EC 5260:467.200 JLINK_IsHalted()
T51EC 5260:467.712 - 0.329ms returns FALSE
T51EC 5260:469.248 JLINK_GetHWStatus(...)
T51EC 5260:469.248 - 0.221ms returns 0
T51EC 5260:469.760 JLINK_IsHalted()
T51EC 5260:469.760 - 0.333ms returns FALSE
T51EC 5260:471.808 JLINK_GetHWStatus(...)
T51EC 5260:471.808 - 0.314ms returns 0
T51EC 5260:471.808 JLINK_IsHalted()
T51EC 5260:472.832 - 0.454ms returns FALSE
T51EC 5260:473.344 JLINK_GetHWStatus(...)
T51EC 5260:473.856 - 0.258ms returns 0
T51EC 5260:473.856 JLINK_IsHalted()
T51EC 5260:474.368 - 0.362ms returns FALSE
T51EC 5260:475.392 JLINK_GetHWStatus(...)
T51EC 5260:475.904 - 0.234ms returns 0
T51EC 5260:475.904 JLINK_IsHalted()
T51EC 5260:476.416 - 0.361ms returns FALSE
T51EC 5260:477.440 JLINK_GetHWStatus(...)
T51EC 5260:477.952 - 0.350ms returns 0
T51EC 5260:477.952 JLINK_IsHalted()
T51EC 5260:478.464 - 0.363ms returns FALSE
T51EC 5260:479.488 JLINK_GetHWStatus(...)
T51EC 5260:480.000 - 0.415ms returns 0
T51EC 5260:480.000 JLINK_IsHalted()
T51EC 5260:480.512 - 0.422ms returns FALSE
T51EC 5260:483.072 JLINK_GetHWStatus(...)
T51EC 5260:483.072 - 0.298ms returns 0
T51EC 5260:483.584 JLINK_IsHalted()
T51EC 5260:483.584 - 0.383ms returns FALSE
T51EC 5260:485.120 JLINK_GetHWStatus(...)
T51EC 5260:485.632 - 0.228ms returns 0
T51EC 5260:485.632 JLINK_IsHalted()
T51EC 5260:485.632 - 0.357ms returns FALSE
T51EC 5260:487.168 JLINK_GetHWStatus(...)
T51EC 5260:487.680 - 0.257ms returns 0
T51EC 5260:487.680 JLINK_IsHalted()
T51EC 5260:487.680 - 0.348ms returns FALSE
T51EC 5260:489.216 JLINK_GetHWStatus(...)
T51EC 5260:489.216 - 0.218ms returns 0
T51EC 5260:489.728 JLINK_IsHalted()
T51EC 5260:489.728 - 0.344ms returns FALSE
T51EC 5260:491.264 JLINK_GetHWStatus(...)
T51EC 5260:491.264 - 0.229ms returns 0
T51EC 5260:491.264 JLINK_IsHalted()
T51EC 5260:491.776 - 0.332ms returns FALSE
T51EC 5260:493.824 JLINK_GetHWStatus(...)
T51EC 5260:493.824 - 0.253ms returns 0
T51EC 5260:493.824 JLINK_IsHalted()
T51EC 5260:494.336 - 0.346ms returns FALSE
T51EC 5260:496.384 JLINK_GetHWStatus(...)
T51EC 5260:496.896 - 0.302ms returns 0
T51EC 5260:496.896 JLINK_IsHalted()
T51EC 5260:497.920 - 0.780ms returns FALSE
T51EC 5260:499.968 JLINK_GetHWStatus(...)
T51EC 5260:499.968 - 0.237ms returns 0
T51EC 5260:499.968 JLINK_IsHalted()
T51EC 5260:500.480 - 0.339ms returns FALSE
T51EC 5260:502.016 JLINK_GetHWStatus(...)
T51EC 5260:502.528 - 0.260ms returns 0
T51EC 5260:502.528 JLINK_IsHalted()
T51EC 5260:503.040 - 0.353ms returns FALSE
T51EC 5260:504.576 JLINK_GetHWStatus(...)
T51EC 5260:505.088 - 0.281ms returns 0
T51EC 5260:505.088 JLINK_IsHalted()
T51EC 5260:505.600 - 0.363ms returns FALSE
T51EC 5260:507.136 JLINK_GetHWStatus(...)
T51EC 5260:507.648 - 0.269ms returns 0
T51EC 5260:507.648 JLINK_IsHalted()
T51EC 5260:508.160 - 0.391ms returns FALSE
T51EC 5260:509.696 JLINK_GetHWStatus(...)
T51EC 5260:510.208 - 0.272ms returns 0
T51EC 5260:510.208 JLINK_IsHalted()
T51EC 5260:510.208 - 0.330ms returns FALSE
T51EC 5260:512.256 JLINK_GetHWStatus(...)
T51EC 5260:512.256 - 0.265ms returns 0
T51EC 5260:512.256 JLINK_IsHalted()
T51EC 5260:512.256 - 0.333ms returns FALSE
T51EC 5260:514.304 JLINK_GetHWStatus(...)
T51EC 5260:514.304 - 0.231ms returns 0
T51EC 5260:514.304 JLINK_IsHalted()
T51EC 5260:514.816 - 0.345ms returns FALSE
T51EC 5260:516.864 JLINK_GetHWStatus(...)
T51EC 5260:516.864 - 0.218ms returns 0
T51EC 5260:516.864 JLINK_IsHalted()
T51EC 5260:517.376 - 0.334ms returns FALSE
T51EC 5260:518.912 JLINK_GetHWStatus(...)
T51EC 5260:519.424 - 0.212ms returns 0
T51EC 5260:519.424 JLINK_IsHalted()
T51EC 5260:519.936 - 0.389ms returns FALSE
T51EC 5260:520.960 JLINK_GetHWStatus(...)
T51EC 5260:521.472 - 0.229ms returns 0
T51EC 5260:521.472 JLINK_IsHalted()
T51EC 5260:521.984 - 0.337ms returns FALSE
T51EC 5260:523.520 JLINK_GetHWStatus(...)
T51EC 5260:524.032 - 0.226ms returns 0
T51EC 5260:524.032 JLINK_IsHalted()
T51EC 5260:524.032 - 0.341ms returns FALSE
T51EC 5260:526.080 JLINK_GetHWStatus(...)
T51EC 5260:526.080 - 0.202ms returns 0
T51EC 5260:526.080 JLINK_IsHalted()
T51EC 5260:526.592 - 0.448ms returns FALSE
T51EC 5260:528.128 JLINK_GetHWStatus(...)
T51EC 5260:528.128 - 0.189ms returns 0
T51EC 5260:528.128 JLINK_IsHalted()
T51EC 5260:528.640 - 0.471ms returns FALSE
T51EC 5260:530.176 JLINK_GetHWStatus(...)
T51EC 5260:530.176 - 0.238ms returns 0
T51EC 5260:530.176 JLINK_IsHalted()
T51EC 5260:530.688 - 0.490ms returns FALSE
T51EC 5260:532.224 JLINK_GetHWStatus(...)
T51EC 5260:532.736 - 0.321ms returns 0
T51EC 5260:532.736 JLINK_IsHalted()
T51EC 5260:532.736 - 0.437ms returns FALSE
T51EC 5260:534.272 JLINK_GetHWStatus(...)
T51EC 5260:534.784 - 0.211ms returns 0
T51EC 5260:534.784 JLINK_IsHalted()
T51EC 5260:534.784 - 0.389ms returns FALSE
T51EC 5260:536.832 JLINK_GetHWStatus(...)
T51EC 5260:536.832 - 0.256ms returns 0
T51EC 5260:536.832 JLINK_IsHalted()
T51EC 5260:537.344 - 0.390ms returns FALSE
T51EC 5260:538.880 JLINK_GetHWStatus(...)
T51EC 5260:538.880 - 0.213ms returns 0
T51EC 5260:538.880 JLINK_IsHalted()
T51EC 5260:539.392 - 0.338ms returns FALSE
T51EC 5260:540.928 JLINK_GetHWStatus(...)
T51EC 5260:540.928 - 0.219ms returns 0
T51EC 5260:541.440 JLINK_IsHalted()
T51EC 5260:541.440 - 0.337ms returns FALSE
T51EC 5260:543.488 JLINK_GetHWStatus(...)
T51EC 5260:544.000 - 0.283ms returns 0
T51EC 5260:544.000 JLINK_IsHalted()
T51EC 5260:544.512 - 0.347ms returns FALSE
T51EC 5260:545.536 JLINK_GetHWStatus(...)
T51EC 5260:546.048 - 0.198ms returns 0
T51EC 5260:546.048 JLINK_IsHalted()
T51EC 5260:546.560 - 0.364ms returns FALSE
T51EC 5260:548.096 JLINK_GetHWStatus(...)
T51EC 5260:548.608 - 0.322ms returns 0
T51EC 5260:548.608 JLINK_IsHalted()
T51EC 5260:549.120 - 0.468ms returns FALSE
T51EC 5260:551.168 JLINK_GetHWStatus(...)
T51EC 5260:551.168 - 0.258ms returns 0
T51EC 5260:551.168 JLINK_IsHalted()
T51EC 5260:551.680 - 0.328ms returns FALSE
T51EC 5260:553.728 JLINK_GetHWStatus(...)
T51EC 5260:554.240 - 0.239ms returns 0
T51EC 5260:554.240 JLINK_IsHalted()
T51EC 5260:554.752 - 0.320ms returns FALSE
T51EC 5260:556.288 JLINK_GetHWStatus(...)
T51EC 5260:557.312 - 0.793ms returns 0
T51EC 5260:557.312 JLINK_IsHalted()
T51EC 5260:557.312 - 0.361ms returns FALSE
T51EC 5260:559.360 JLINK_GetHWStatus(...)
T51EC 5260:560.896 - 1.044ms returns 0
T51EC 5260:560.896 JLINK_IsHalted()
T51EC 5260:561.408 - 0.348ms returns FALSE
T51EC 5260:562.944 JLINK_GetHWStatus(...)
T51EC 5260:562.944 - 0.242ms returns 0
T51EC 5260:562.944 JLINK_IsHalted()
T51EC 5260:563.456 - 0.368ms returns FALSE
T51EC 5260:564.992 JLINK_GetHWStatus(...)
T51EC 5260:565.504 - 0.306ms returns 0
T51EC 5260:565.504 JLINK_IsHalted()
T51EC 5260:565.504 - 0.340ms returns FALSE
T51EC 5260:567.040 JLINK_GetHWStatus(...)
T51EC 5260:567.552 - 0.217ms returns 0
T51EC 5260:567.552 JLINK_IsHalted()
T51EC 5260:567.552 - 0.338ms returns FALSE
T51EC 5260:569.600 JLINK_GetHWStatus(...)
T51EC 5260:569.600 - 0.198ms returns 0
T51EC 5260:569.600 JLINK_IsHalted()
T51EC 5260:570.112 - 0.407ms returns FALSE
T51EC 5260:571.648 JLINK_GetHWStatus(...)
T51EC 5260:572.160 - 0.222ms returns 0
T51EC 5260:572.160 JLINK_IsHalted()
T51EC 5260:572.672 - 0.426ms returns FALSE
T51EC 5260:573.696 JLINK_GetHWStatus(...)
T51EC 5260:573.696 - 0.190ms returns 0
T51EC 5260:573.696 JLINK_IsHalted()
T51EC 5260:574.208 - 0.382ms returns FALSE
T51EC 5260:575.744 JLINK_GetHWStatus(...)
T51EC 5260:576.256 - 0.167ms returns 0
T51EC 5260:576.256 JLINK_IsHalted()
T51EC 5260:576.768 - 0.512ms returns FALSE
T51EC 5260:577.792 JLINK_GetHWStatus(...)
T51EC 5260:578.304 - 0.196ms returns 0
T51EC 5260:578.304 JLINK_IsHalted()
T51EC 5260:578.816 - 0.553ms returns FALSE
T51EC 5260:580.352 JLINK_GetHWStatus(...)
T51EC 5260:580.352 - 0.205ms returns 0
T51EC 5260:580.352 JLINK_IsHalted()
T51EC 5260:580.864 - 0.371ms returns FALSE
T51EC 5260:582.912 JLINK_GetHWStatus(...)
T51EC 5260:582.912 - 0.223ms returns 0
T51EC 5260:582.912 JLINK_IsHalted()
T51EC 5260:583.424 - 0.323ms returns FALSE
T51EC 5260:584.960 JLINK_GetHWStatus(...)
T51EC 5260:584.960 - 0.172ms returns 0
T51EC 5260:584.960 JLINK_IsHalted()
T51EC 5260:585.472 - 0.333ms returns FALSE
T51EC 5260:587.008 JLINK_GetHWStatus(...)
T51EC 5260:587.008 - 0.171ms returns 0
T51EC 5260:587.008 JLINK_IsHalted()
T51EC 5260:587.520 - 0.360ms returns FALSE
T51EC 5260:589.056 JLINK_GetHWStatus(...)
T51EC 5260:589.568 - 0.213ms returns 0
T51EC 5260:589.568 JLINK_IsHalted()
T51EC 5260:590.080 - 0.337ms returns FALSE
T51EC 5260:591.104 JLINK_GetHWStatus(...)
T51EC 5260:591.616 - 0.176ms returns 0
T51EC 5260:591.616 JLINK_IsHalted()
T51EC 5260:591.616 - 0.313ms returns FALSE
T51EC 5260:593.152 JLINK_GetHWStatus(...)
T51EC 5260:593.664 - 0.207ms returns 0
T51EC 5260:593.664 JLINK_IsHalted()
T51EC 5260:594.176 - 0.351ms returns FALSE
T51EC 5260:596.224 JLINK_GetHWStatus(...)
T51EC 5260:596.224 - 0.239ms returns 0
T51EC 5260:596.224 JLINK_IsHalted()
T51EC 5260:596.736 - 0.367ms returns FALSE
T51EC 5260:598.272 JLINK_GetHWStatus(...)
T51EC 5260:598.272 - 0.220ms returns 0
T51EC 5260:598.272 JLINK_IsHalted()
T51EC 5260:598.784 - 0.352ms returns FALSE
T51EC 5260:600.832 JLINK_GetHWStatus(...)
T51EC 5260:600.832 - 0.176ms returns 0
T51EC 5260:600.832 JLINK_IsHalted()
T51EC 5260:601.344 - 0.346ms returns FALSE
T51EC 5260:602.880 JLINK_GetHWStatus(...)
T51EC 5260:602.880 - 0.219ms returns 0
T51EC 5260:602.880 JLINK_IsHalted()
T51EC 5260:603.392 - 0.350ms returns FALSE
T51EC 5260:605.440 JLINK_GetHWStatus(...)
T51EC 5260:605.440 - 0.184ms returns 0
T51EC 5260:605.440 JLINK_IsHalted()
T51EC 5260:605.952 - 0.358ms returns FALSE
T51EC 5260:607.488 JLINK_GetHWStatus(...)
T51EC 5260:607.488 - 0.175ms returns 0
T51EC 5260:607.488 JLINK_IsHalted()
T51EC 5260:608.000 - 0.336ms returns FALSE
T51EC 5260:609.536 JLINK_GetHWStatus(...)
T51EC 5260:610.048 - 0.219ms returns 0
T51EC 5260:610.048 JLINK_IsHalted()
T51EC 5260:610.560 - 0.344ms returns FALSE
T51EC 5260:612.096 JLINK_GetHWStatus(...)
T51EC 5260:612.608 - 0.197ms returns 0
T51EC 5260:612.608 JLINK_IsHalted()
T51EC 5260:612.608 - 0.348ms returns FALSE
T51EC 5260:614.656 JLINK_GetHWStatus(...)
T51EC 5260:614.656 - 0.212ms returns 0
T51EC 5260:614.656 JLINK_IsHalted()
T51EC 5260:615.168 - 0.333ms returns FALSE
T51EC 5260:616.704 JLINK_GetHWStatus(...)
T51EC 5260:616.704 - 0.177ms returns 0
T51EC 5260:616.704 JLINK_IsHalted()
T51EC 5260:617.216 - 0.487ms returns FALSE
T51EC 5260:618.752 JLINK_GetHWStatus(...)
T51EC 5260:618.752 - 0.196ms returns 0
T51EC 5260:618.752 JLINK_IsHalted()
T51EC 5260:619.264 - 0.366ms returns FALSE
T51EC 5260:620.800 JLINK_GetHWStatus(...)
T51EC 5260:620.800 - 0.252ms returns 0
T51EC 5260:620.800 JLINK_IsHalted()
T51EC 5260:621.312 - 0.414ms returns FALSE
T51EC 5260:622.848 JLINK_GetHWStatus(...)
T51EC 5260:622.848 - 0.184ms returns 0
T51EC 5260:622.848 JLINK_IsHalted()
T51EC 5260:623.360 - 0.355ms returns FALSE
T51EC 5260:624.896 JLINK_GetHWStatus(...)
T51EC 5260:624.896 - 0.231ms returns 0
T51EC 5260:624.896 JLINK_IsHalted()
T51EC 5260:625.408 - 0.463ms returns FALSE
T51EC 5260:626.944 JLINK_GetHWStatus(...)
T51EC 5260:626.944 - 0.233ms returns 0
T51EC 5260:626.944 JLINK_IsHalted()
T51EC 5260:627.456 - 0.358ms returns FALSE
T51EC 5260:628.992 JLINK_GetHWStatus(...)
T51EC 5260:628.992 - 0.230ms returns 0
T51EC 5260:628.992 JLINK_IsHalted()
T51EC 5260:629.504 - 0.378ms returns FALSE
T51EC 5260:631.040 JLINK_GetHWStatus(...)
T51EC 5260:631.040 - 0.222ms returns 0
T51EC 5260:631.040 JLINK_IsHalted()
T51EC 5260:631.040 - 0.354ms returns FALSE
T51EC 5260:633.088 JLINK_GetHWStatus(...)
T51EC 5260:633.088 - 0.203ms returns 0
T51EC 5260:633.088 JLINK_IsHalted()
T51EC 5260:633.088 - 0.313ms returns FALSE
T51EC 5260:635.136 JLINK_GetHWStatus(...)
T51EC 5260:635.136 - 0.189ms returns 0
T51EC 5260:635.136 JLINK_IsHalted()
T51EC 5260:635.136 - 0.338ms returns FALSE
T51EC 5260:637.184 JLINK_GetHWStatus(...)
T51EC 5260:637.184 - 0.198ms returns 0
T51EC 5260:637.184 JLINK_IsHalted()
T51EC 5260:637.184 - 0.322ms returns FALSE
T51EC 5260:639.232 JLINK_GetHWStatus(...)
T51EC 5260:639.232 - 0.213ms returns 0
T51EC 5260:639.232 JLINK_IsHalted()
T51EC 5260:639.232 - 0.341ms returns FALSE
T51EC 5260:641.280 JLINK_GetHWStatus(...)
T51EC 5260:641.280 - 0.185ms returns 0
T51EC 5260:641.280 JLINK_IsHalted()
T51EC 5260:641.792 - 0.357ms returns FALSE
T51EC 5260:643.328 JLINK_GetHWStatus(...)
T51EC 5260:643.328 - 0.181ms returns 0
T51EC 5260:643.328 JLINK_IsHalted()
T51EC 5260:643.840 - 0.286ms returns FALSE
T51EC 5260:645.376 JLINK_GetHWStatus(...)
T51EC 5260:645.376 - 0.163ms returns 0
T51EC 5260:645.376 JLINK_IsHalted()
T51EC 5260:645.888 - 0.285ms returns FALSE
T51EC 5260:647.936 JLINK_GetHWStatus(...)
T51EC 5260:647.936 - 0.167ms returns 0
T51EC 5260:647.936 JLINK_IsHalted()
T51EC 5260:648.448 - 0.408ms returns FALSE
T51EC 5260:649.984 JLINK_GetHWStatus(...)
T51EC 5260:649.984 - 0.143ms returns 0
T51EC 5260:649.984 JLINK_IsHalted()
T51EC 5260:650.496 - 0.386ms returns FALSE
T51EC 5260:652.032 JLINK_GetHWStatus(...)
T51EC 5260:652.032 - 0.212ms returns 0
T51EC 5260:652.032 JLINK_IsHalted()
T51EC 5260:652.544 - 0.307ms returns FALSE
T51EC 5260:654.080 JLINK_GetHWStatus(...)
T51EC 5260:654.080 - 0.168ms returns 0
T51EC 5260:654.080 JLINK_IsHalted()
T51EC 5260:654.592 - 0.338ms returns FALSE
T51EC 5260:656.640 JLINK_GetHWStatus(...)
T51EC 5260:656.640 - 0.203ms returns 0
T51EC 5260:657.152 JLINK_IsHalted()
T51EC 5260:657.152 - 0.311ms returns FALSE
T51EC 5260:658.688 JLINK_GetHWStatus(...)
T51EC 5260:658.688 - 0.167ms returns 0
T51EC 5260:658.688 JLINK_IsHalted()
T51EC 5260:659.200 - 0.358ms returns FALSE
T51EC 5260:660.736 JLINK_GetHWStatus(...)
T51EC 5260:660.736 - 0.175ms returns 0
T51EC 5260:660.736 JLINK_IsHalted()
T51EC 5260:661.248 - 0.356ms returns FALSE
T51EC 5260:662.784 JLINK_GetHWStatus(...)
T51EC 5260:662.784 - 0.179ms returns 0
T51EC 5260:662.784 JLINK_IsHalted()
T51EC 5260:663.296 - 0.361ms returns FALSE
T51EC 5260:664.320 JLINK_GetHWStatus(...)
T51EC 5260:664.832 - 0.153ms returns 0
T51EC 5260:664.832 JLINK_IsHalted()
T51EC 5260:665.344 - 0.514ms returns FALSE
T51EC 5260:666.368 JLINK_GetHWStatus(...)
T51EC 5260:666.880 - 0.153ms returns 0
T51EC 5260:666.880 JLINK_IsHalted()
T51EC 5260:667.392 - 0.543ms returns FALSE
T51EC 5260:668.416 JLINK_GetHWStatus(...)
T51EC 5260:668.928 - 0.142ms returns 0
T51EC 5260:668.928 JLINK_IsHalted()
T51EC 5260:669.440 - 0.383ms returns FALSE
T51EC 5260:670.464 JLINK_GetHWStatus(...)
T51EC 5260:670.976 - 0.281ms returns 0
T51EC 5260:670.976 JLINK_IsHalted()
T51EC 5260:671.488 - 0.463ms returns FALSE
T51EC 5260:673.536 JLINK_GetHWStatus(...)
T51EC 5260:673.536 - 0.206ms returns 0
T51EC 5260:673.536 JLINK_IsHalted()
T51EC 5260:674.048 - 0.465ms returns FALSE
T51EC 5260:676.096 JLINK_GetHWStatus(...)
T51EC 5260:676.096 - 0.217ms returns 0
T51EC 5260:676.096 JLINK_IsHalted()
T51EC 5260:676.096 - 0.349ms returns FALSE
T51EC 5260:678.144 JLINK_GetHWStatus(...)
T51EC 5260:678.144 - 0.180ms returns 0
T51EC 5260:678.144 JLINK_IsHalted()
T51EC 5260:678.656 - 0.373ms returns FALSE
T51EC 5260:680.192 JLINK_GetHWStatus(...)
T51EC 5260:680.192 - 0.157ms returns 0
T51EC 5260:680.192 JLINK_IsHalted()
T51EC 5260:680.704 - 0.297ms returns FALSE
T51EC 5260:682.240 JLINK_GetHWStatus(...)
T51EC 5260:682.240 - 0.170ms returns 0
T51EC 5260:682.752 JLINK_IsHalted()
T51EC 5260:682.752 - 0.299ms returns FALSE
T51EC 5260:684.288 JLINK_GetHWStatus(...)
T51EC 5260:684.288 - 0.176ms returns 0
T51EC 5260:684.288 JLINK_IsHalted()
T51EC 5260:684.800 - 0.382ms returns FALSE
T51EC 5260:686.848 JLINK_GetHWStatus(...)
T51EC 5260:687.360 - 0.204ms returns 0
T51EC 5260:687.360 JLINK_IsHalted()
T51EC 5260:687.872 - 0.326ms returns FALSE
T51EC 5260:688.896 JLINK_GetHWStatus(...)
T51EC 5260:689.408 - 0.157ms returns 0
T51EC 5260:689.408 JLINK_IsHalted()
T51EC 5260:689.920 - 0.317ms returns FALSE
T51EC 5260:690.944 JLINK_GetHWStatus(...)
T51EC 5260:691.456 - 0.146ms returns 0
T51EC 5260:691.456 JLINK_IsHalted()
T51EC 5260:691.968 - 0.294ms returns FALSE
T51EC 5260:692.992 JLINK_GetHWStatus(...)
T51EC 5260:693.504 - 0.167ms returns 0
T51EC 5260:693.504 JLINK_IsHalted()
T51EC 5260:694.016 - 0.355ms returns FALSE
T51EC 5260:695.040 JLINK_GetHWStatus(...)
T51EC 5260:695.552 - 0.161ms returns 0
T51EC 5260:695.552 JLINK_IsHalted()
T51EC 5260:696.064 - 0.368ms returns FALSE
T51EC 5260:697.088 JLINK_GetHWStatus(...)
T51EC 5260:697.600 - 0.153ms returns 0
T51EC 5260:697.600 JLINK_IsHalted()
T51EC 5260:698.112 - 0.362ms returns FALSE
T51EC 5260:699.136 JLINK_GetHWStatus(...)
T51EC 5260:699.648 - 0.163ms returns 0
T51EC 5260:699.648 JLINK_IsHalted()
T51EC 5260:699.648 - 0.317ms returns FALSE
T51EC 5260:701.184 JLINK_GetHWStatus(...)
T51EC 5260:701.184 - 0.170ms returns 0
T51EC 5260:701.696 JLINK_IsHalted()
T51EC 5260:701.696 - 0.315ms returns FALSE
T51EC 5260:703.744 JLINK_GetHWStatus(...)
T51EC 5260:703.744 - 0.157ms returns 0
T51EC 5260:703.744 JLINK_IsHalted()
T51EC 5260:704.256 - 0.308ms returns FALSE
T51EC 5260:705.792 JLINK_GetHWStatus(...)
T51EC 5260:705.792 - 0.158ms returns 0
T51EC 5260:705.792 JLINK_IsHalted()
T51EC 5260:706.304 - 0.385ms returns FALSE
T51EC 5260:707.840 JLINK_GetHWStatus(...)
T51EC 5260:708.352 - 0.204ms returns 0
T51EC 5260:708.352 JLINK_IsHalted()
T51EC 5260:708.352 - 0.353ms returns FALSE
T51EC 5260:709.888 JLINK_GetHWStatus(...)
T51EC 5260:709.888 - 0.177ms returns 0
T51EC 5260:709.888 JLINK_IsHalted()
T51EC 5260:710.912 - 0.483ms returns FALSE
T51EC 5260:711.936 JLINK_GetHWStatus(...)
T51EC 5260:711.936 - 0.172ms returns 0
T51EC 5260:711.936 JLINK_IsHalted()
T51EC 5260:712.448 - 0.324ms returns FALSE
T51EC 5260:713.984 JLINK_GetHWStatus(...)
T51EC 5260:713.984 - 0.168ms returns 0
T51EC 5260:713.984 JLINK_IsHalted()
T51EC 5260:714.496 - 0.447ms returns FALSE
T51EC 5260:716.032 JLINK_GetHWStatus(...)
T51EC 5260:716.032 - 0.156ms returns 0
T51EC 5260:716.032 JLINK_IsHalted()
T51EC 5260:716.544 - 0.375ms returns FALSE
T51EC 5260:718.592 JLINK_GetHWStatus(...)
T51EC 5260:718.592 - 0.190ms returns 0
T51EC 5260:718.592 JLINK_IsHalted()
T51EC 5260:719.104 - 0.319ms returns FALSE
T51EC 5260:720.640 JLINK_GetHWStatus(...)
T51EC 5260:720.640 - 0.164ms returns 0
T51EC 5260:720.640 JLINK_IsHalted()
T51EC 5260:721.152 - 0.442ms returns FALSE
T51EC 5260:722.688 JLINK_GetHWStatus(...)
T51EC 5260:722.688 - 0.161ms returns 0
T51EC 5260:722.688 JLINK_IsHalted()
T51EC 5260:723.200 - 0.384ms returns FALSE
T51EC 5260:724.736 JLINK_GetHWStatus(...)
T51EC 5260:724.736 - 0.195ms returns 0
T51EC 5260:724.736 JLINK_IsHalted()
T51EC 5260:725.248 - 0.338ms returns FALSE
T51EC 5260:726.784 JLINK_GetHWStatus(...)
T51EC 5260:726.784 - 0.235ms returns 0
T51EC 5260:727.296 JLINK_IsHalted()
T51EC 5260:727.296 - 0.320ms returns FALSE
T51EC 5260:728.832 JLINK_GetHWStatus(...)
T51EC 5260:728.832 - 0.163ms returns 0
T51EC 5260:728.832 JLINK_IsHalted()
T51EC 5260:729.344 - 0.335ms returns FALSE
T51EC 5260:730.880 JLINK_GetHWStatus(...)
T51EC 5260:730.880 - 0.202ms returns 0
T51EC 5260:731.392 JLINK_IsHalted()
T51EC 5260:731.392 - 0.292ms returns FALSE
T51EC 5260:733.440 JLINK_GetHWStatus(...)
T51EC 5260:733.440 - 0.174ms returns 0
T51EC 5260:733.440 JLINK_IsHalted()
T51EC 5260:733.440 - 0.340ms returns FALSE
T51EC 5260:735.488 JLINK_GetHWStatus(...)
T51EC 5260:735.488 - 0.171ms returns 0
T51EC 5260:735.488 JLINK_IsHalted()
T51EC 5260:736.000 - 0.338ms returns FALSE
T51EC 5260:737.536 JLINK_GetHWStatus(...)
T51EC 5260:737.536 - 0.176ms returns 0
T51EC 5260:737.536 JLINK_IsHalted()
T51EC 5260:738.048 - 0.351ms returns FALSE
T51EC 5260:739.584 JLINK_GetHWStatus(...)
T51EC 5260:739.584 - 0.177ms returns 0
T51EC 5260:739.584 JLINK_IsHalted()
T51EC 5260:740.096 - 0.338ms returns FALSE
T51EC 5260:741.632 JLINK_GetHWStatus(...)
T51EC 5260:741.632 - 0.153ms returns 0
T51EC 5260:741.632 JLINK_IsHalted()
T51EC 5260:742.144 - 0.366ms returns FALSE
T51EC 5260:743.680 JLINK_GetHWStatus(...)
T51EC 5260:743.680 - 0.231ms returns 0
T51EC 5260:743.680 JLINK_IsHalted()
T51EC 5260:744.192 - 0.299ms returns FALSE
T51EC 5260:745.728 JLINK_GetHWStatus(...)
T51EC 5260:745.728 - 0.147ms returns 0
T51EC 5260:746.240 JLINK_IsHalted()
T51EC 5260:746.240 - 0.284ms returns FALSE
T51EC 5260:747.776 JLINK_GetHWStatus(...)
T51EC 5260:748.288 - 0.212ms returns 0
T51EC 5260:748.288 JLINK_IsHalted()
T51EC 5260:748.800 - 0.336ms returns FALSE
T51EC 5260:749.824 JLINK_GetHWStatus(...)
T51EC 5260:750.336 - 0.177ms returns 0
T51EC 5260:750.336 JLINK_IsHalted()
T51EC 5260:750.848 - 0.315ms returns FALSE
T51EC 5260:751.872 JLINK_GetHWStatus(...)
T51EC 5260:752.384 - 0.150ms returns 0
T51EC 5260:752.384 JLINK_IsHalted()
T51EC 5260:752.384 - 0.280ms returns FALSE
T51EC 5260:753.920 JLINK_GetHWStatus(...)
T51EC 5260:754.432 - 0.161ms returns 0
T51EC 5260:754.432 JLINK_IsHalted()
T51EC 5260:754.944 - 0.364ms returns FALSE
T51EC 5260:755.968 JLINK_GetHWStatus(...)
T51EC 5260:756.480 - 0.154ms returns 0
T51EC 5260:756.480 JLINK_IsHalted()
T51EC 5260:756.992 - 0.303ms returns FALSE
T51EC 5260:758.016 JLINK_GetHWStatus(...)
T51EC 5260:758.528 - 0.191ms returns 0
T51EC 5260:758.528 JLINK_IsHalted()
T51EC 5260:759.040 - 0.493ms returns FALSE
T51EC 5260:760.064 JLINK_GetHWStatus(...)
T51EC 5260:760.576 - 0.218ms returns 0
T51EC 5260:760.576 JLINK_IsHalted()
T51EC 5260:761.088 - 0.479ms returns FALSE
T51EC 5260:762.624 JLINK_GetHWStatus(...)
T51EC 5260:763.136 - 0.239ms returns 0
T51EC 5260:763.136 JLINK_IsHalted()
T51EC 5260:763.648 - 0.410ms returns FALSE
T51EC 5260:765.184 JLINK_GetHWStatus(...)
T51EC 5260:765.696 - 0.149ms returns 0
T51EC 5260:765.696 JLINK_IsHalted()
T51EC 5260:766.208 - 0.314ms returns FALSE
T51EC 5260:767.232 JLINK_GetHWStatus(...)
T51EC 5260:767.744 - 0.178ms returns 0
T51EC 5260:767.744 JLINK_IsHalted()
T51EC 5260:768.256 - 0.513ms returns FALSE
T51EC 5260:769.280 JLINK_GetHWStatus(...)
T51EC 5260:769.792 - 0.167ms returns 0
T51EC 5260:769.792 JLINK_IsHalted()
T51EC 5260:770.304 - 0.376ms returns FALSE
T51EC 5260:772.352 JLINK_GetHWStatus(...)
T51EC 5260:772.352 - 0.170ms returns 0
T51EC 5260:772.352 JLINK_IsHalted()
T51EC 5260:772.352 - 0.300ms returns FALSE
T51EC 5260:774.400 JLINK_GetHWStatus(...)
T51EC 5260:774.400 - 0.166ms returns 0
T51EC 5260:774.400 JLINK_IsHalted()
T51EC 5260:774.400 - 0.383ms returns FALSE
T51EC 5260:776.448 JLINK_GetHWStatus(...)
T51EC 5260:776.448 - 0.209ms returns 0
T51EC 5260:776.448 JLINK_IsHalted()
T51EC 5260:776.960 - 0.399ms returns FALSE
T51EC 5260:778.496 JLINK_GetHWStatus(...)
T51EC 5260:779.008 - 0.229ms returns 0
T51EC 5260:779.008 JLINK_IsHalted()
T51EC 5260:779.008 - 0.347ms returns FALSE
T51EC 5260:780.544 JLINK_GetHWStatus(...)
T51EC 5260:781.056 - 0.216ms returns 0
T51EC 5260:781.056 JLINK_IsHalted()
T51EC 5260:781.568 - 0.360ms returns FALSE
T51EC 5260:783.104 JLINK_GetHWStatus(...)
T51EC 5260:783.616 - 0.173ms returns 0
T51EC 5260:783.616 JLINK_IsHalted()
T51EC 5260:783.616 - 0.353ms returns FALSE
T51EC 5260:785.152 JLINK_GetHWStatus(...)
T51EC 5260:785.152 - 0.158ms returns 0
T51EC 5260:785.152 JLINK_IsHalted()
T51EC 5260:785.664 - 0.367ms returns FALSE
T51EC 5260:787.200 JLINK_GetHWStatus(...)
T51EC 5260:787.200 - 0.171ms returns 0
T51EC 5260:787.200 JLINK_IsHalted()
T51EC 5260:787.712 - 0.332ms returns FALSE
T51EC 5260:789.248 JLINK_GetHWStatus(...)
T51EC 5260:789.248 - 0.141ms returns 0
T51EC 5260:789.248 JLINK_IsHalted()
T51EC 5260:789.760 - 0.350ms returns FALSE
T51EC 5260:791.296 JLINK_GetHWStatus(...)
T51EC 5260:791.808 - 0.243ms returns 0
T51EC 5260:791.808 JLINK_IsHalted()
T51EC 5260:792.320 - 0.381ms returns FALSE
T51EC 5260:793.344 JLINK_GetHWStatus(...)
T51EC 5260:793.856 - 0.270ms returns 0
T51EC 5260:793.856 JLINK_IsHalted()
T51EC 5260:794.368 - 0.357ms returns FALSE
T51EC 5260:795.904 JLINK_GetHWStatus(...)
T51EC 5260:796.416 - 0.294ms returns 0
T51EC 5260:796.416 JLINK_IsHalted()
T51EC 5260:796.928 - 0.365ms returns FALSE
T51EC 5260:798.464 JLINK_GetHWStatus(...)
T51EC 5260:798.464 - 0.187ms returns 0
T51EC 5260:798.464 JLINK_IsHalted()
T51EC 5260:798.976 - 0.321ms returns FALSE
T51EC 5260:800.512 JLINK_GetHWStatus(...)
T51EC 5260:800.512 - 0.233ms returns 0
T51EC 5260:800.512 JLINK_IsHalted()
T51EC 5260:801.024 - 0.358ms returns FALSE
T51EC 5260:803.072 JLINK_GetHWStatus(...)
T51EC 5260:803.072 - 0.255ms returns 0
T51EC 5260:803.072 JLINK_IsHalted()
T51EC 5260:803.072 - 0.358ms returns FALSE
T51EC 5260:804.608 JLINK_GetHWStatus(...)
T51EC 5260:805.120 - 0.198ms returns 0
T51EC 5260:805.120 JLINK_IsHalted()
T51EC 5260:805.120 - 0.494ms returns FALSE
T51EC 5260:806.656 JLINK_GetHWStatus(...)
T51EC 5260:806.656 - 0.155ms returns 0
T51EC 5260:806.656 JLINK_IsHalted()
T51EC 5260:807.168 - 0.480ms returns FALSE
T51EC 5260:809.216 JLINK_GetHWStatus(...)
T51EC 5260:809.216 - 0.192ms returns 0
T51EC 5260:809.216 JLINK_IsHalted()
T51EC 5260:809.728 - 0.478ms returns FALSE
T51EC 5260:811.776 JLINK_GetHWStatus(...)
T51EC 5260:811.776 - 0.197ms returns 0
T51EC 5260:812.288 JLINK_IsHalted()
T51EC 5260:812.288 - 0.334ms returns FALSE
T51EC 5260:814.336 JLINK_GetHWStatus(...)
T51EC 5260:814.336 - 0.173ms returns 0
T51EC 5260:814.336 JLINK_IsHalted()
T51EC 5260:815.360 - 0.493ms returns FALSE
T51EC 5260:816.384 JLINK_GetHWStatus(...)
T51EC 5260:816.384 - 0.167ms returns 0
T51EC 5260:816.384 JLINK_IsHalted()
T51EC 5260:816.896 - 0.338ms returns FALSE
T51EC 5260:818.432 JLINK_GetHWStatus(...)
T51EC 5260:818.432 - 0.180ms returns 0
T51EC 5260:818.432 JLINK_IsHalted()
T51EC 5260:818.944 - 0.370ms returns FALSE
T51EC 5260:820.480 JLINK_GetHWStatus(...)
T51EC 5260:820.480 - 0.161ms returns 0
T51EC 5260:820.480 JLINK_IsHalted()
T51EC 5260:820.992 - 0.349ms returns FALSE
T51EC 5260:822.528 JLINK_GetHWStatus(...)
T51EC 5260:822.528 - 0.169ms returns 0
T51EC 5260:822.528 JLINK_IsHalted()
T51EC 5260:823.040 - 0.361ms returns FALSE
T51EC 5260:824.576 JLINK_GetHWStatus(...)
T51EC 5260:824.576 - 0.156ms returns 0
T51EC 5260:824.576 JLINK_IsHalted()
T51EC 5260:825.088 - 0.316ms returns FALSE
T51EC 5260:826.624 JLINK_GetHWStatus(...)
T51EC 5260:827.136 - 0.264ms returns 0
T51EC 5260:827.136 JLINK_IsHalted()
T51EC 5260:827.648 - 0.359ms returns FALSE
T51EC 5260:829.184 JLINK_GetHWStatus(...)
T51EC 5260:829.184 - 0.212ms returns 0
T51EC 5260:829.184 JLINK_IsHalted()
T51EC 5260:829.696 - 0.332ms returns FALSE
T51EC 5260:831.232 JLINK_GetHWStatus(...)
T51EC 5260:831.232 - 0.222ms returns 0
T51EC 5260:831.232 JLINK_IsHalted()
T51EC 5260:831.744 - 0.326ms returns FALSE
T51EC 5260:833.280 JLINK_GetHWStatus(...)
T51EC 5260:833.280 - 0.197ms returns 0
T51EC 5260:833.280 JLINK_IsHalted()
T51EC 5260:833.792 - 0.340ms returns FALSE
T51EC 5260:834.816 JLINK_GetHWStatus(...)
T51EC 5260:835.328 - 0.185ms returns 0
T51EC 5260:835.328 JLINK_IsHalted()
T51EC 5260:835.840 - 0.384ms returns FALSE
T51EC 5260:836.864 JLINK_GetHWStatus(...)
T51EC 5260:837.376 - 0.187ms returns 0
T51EC 5260:837.376 JLINK_IsHalted()
T51EC 5260:837.888 - 0.347ms returns FALSE
T51EC 5260:838.912 JLINK_GetHWStatus(...)
T51EC 5260:839.424 - 0.189ms returns 0
T51EC 5260:839.424 JLINK_IsHalted()
T51EC 5260:839.936 - 0.399ms returns FALSE
T51EC 5260:840.960 JLINK_GetHWStatus(...)
T51EC 5260:840.960 - 0.190ms returns 0
T51EC 5260:841.472 JLINK_IsHalted()
T51EC 5260:841.472 - 0.365ms returns FALSE
T51EC 5260:843.008 JLINK_GetHWStatus(...)
T51EC 5260:843.520 - 0.246ms returns 0
T51EC 5260:843.520 JLINK_IsHalted()
T51EC 5260:844.032 - 0.317ms returns FALSE
T51EC 5260:845.056 JLINK_GetHWStatus(...)
T51EC 5260:845.568 - 0.220ms returns 0
T51EC 5260:845.568 JLINK_IsHalted()
T51EC 5260:846.080 - 0.327ms returns FALSE
T51EC 5260:847.616 JLINK_GetHWStatus(...)
T51EC 5260:847.616 - 0.196ms returns 0
T51EC 5260:847.616 JLINK_IsHalted()
T51EC 5260:848.128 - 0.339ms returns FALSE
T51EC 5260:850.176 JLINK_GetHWStatus(...)
T51EC 5260:850.176 - 0.182ms returns 0
T51EC 5260:850.176 JLINK_IsHalted()
T51EC 5260:850.176 - 0.361ms returns FALSE
T51EC 5260:852.224 JLINK_GetHWStatus(...)
T51EC 5260:852.224 - 0.164ms returns 0
T51EC 5260:852.224 JLINK_IsHalted()
T51EC 5260:852.224 - 0.510ms returns FALSE
T51EC 5260:854.272 JLINK_GetHWStatus(...)
T51EC 5260:854.272 - 0.212ms returns 0
T51EC 5260:854.272 JLINK_IsHalted()
T51EC 5260:854.272 - 0.469ms returns FALSE
T51EC 5260:856.320 JLINK_GetHWStatus(...)
T51EC 5260:856.320 - 0.198ms returns 0
T51EC 5260:856.320 JLINK_IsHalted()
T51EC 5260:856.832 - 0.474ms returns FALSE
T51EC 5260:858.368 JLINK_GetHWStatus(...)
T51EC 5260:858.368 - 0.249ms returns 0
T51EC 5260:858.368 JLINK_IsHalted()
T51EC 5260:858.368 - 0.344ms returns FALSE
T51EC 5260:860.416 JLINK_GetHWStatus(...)
T51EC 5260:860.416 - 0.227ms returns 0
T51EC 5260:860.416 JLINK_IsHalted()
T51EC 5260:860.416 - 0.454ms returns FALSE
T51EC 5260:862.464 JLINK_GetHWStatus(...)
T51EC 5260:862.464 - 0.168ms returns 0
T51EC 5260:862.464 JLINK_IsHalted()
T51EC 5260:862.464 - 0.531ms returns FALSE
T51EC 5260:864.512 JLINK_GetHWStatus(...)
T51EC 5260:864.512 - 0.228ms returns 0
T51EC 5260:864.512 JLINK_IsHalted()
T51EC 5260:865.024 - 0.344ms returns FALSE
T51EC 5260:866.560 JLINK_GetHWStatus(...)
T51EC 5260:866.560 - 0.191ms returns 0
T51EC 5260:866.560 JLINK_IsHalted()
T51EC 5260:867.072 - 0.328ms returns FALSE
T51EC 5260:868.608 JLINK_GetHWStatus(...)
T51EC 5260:869.120 - 0.211ms returns 0
T51EC 5260:869.120 JLINK_IsHalted()
T51EC 5260:869.632 - 0.408ms returns FALSE
T51EC 5260:870.656 JLINK_GetHWStatus(...)
T51EC 5260:871.168 - 0.241ms returns 0
T51EC 5260:871.168 JLINK_IsHalted()
T51EC 5260:871.680 - 0.373ms returns FALSE
T51EC 5260:872.704 JLINK_GetHWStatus(...)
T51EC 5260:872.704 - 0.223ms returns 0
T51EC 5260:872.704 JLINK_IsHalted()
T51EC 5260:873.216 - 0.357ms returns FALSE
T51EC 5260:874.752 JLINK_GetHWStatus(...)
T51EC 5260:874.752 - 0.217ms returns 0
T51EC 5260:875.264 JLINK_IsHalted()
T51EC 5260:875.264 - 0.366ms returns FALSE
T51EC 5260:876.800 JLINK_GetHWStatus(...)
T51EC 5260:876.800 - 0.225ms returns 0
T51EC 5260:876.800 JLINK_IsHalted()
T51EC 5260:877.824 - 0.457ms returns FALSE
T51EC 5260:879.360 JLINK_GetHWStatus(...)
T51EC 5260:879.360 - 0.210ms returns 0
T51EC 5260:879.872 JLINK_IsHalted()
T51EC 5260:880.384 - 0.370ms returns FALSE
T51EC 5260:881.408 JLINK_GetHWStatus(...)
T51EC 5260:881.920 - 0.198ms returns 0
T51EC 5260:881.920 JLINK_IsHalted()
T51EC 5260:882.432 - 0.345ms returns FALSE
T51EC 5260:883.968 JLINK_GetHWStatus(...)
T51EC 5260:884.480 - 0.193ms returns 0
T51EC 5260:884.480 JLINK_IsHalted()
T51EC 5260:884.992 - 0.303ms returns FALSE
T51EC 5260:886.528 JLINK_GetHWStatus(...)
T51EC 5260:887.040 - 0.217ms returns 0
T51EC 5260:887.040 JLINK_IsHalted()
T51EC 5260:887.040 - 0.367ms returns FALSE
T51EC 5260:888.576 JLINK_GetHWStatus(...)
T51EC 5260:889.088 - 0.182ms returns 0
T51EC 5260:889.088 JLINK_IsHalted()
T51EC 5260:889.088 - 0.342ms returns FALSE
T51EC 5260:890.624 JLINK_GetHWStatus(...)
T51EC 5260:894.720 - 3.926ms returns 0
T51EC 5260:894.720 JLINK_IsHalted()
T51EC 5260:895.232 - 0.335ms returns FALSE
T51EC 5260:896.256 JLINK_GetHWStatus(...)
T51EC 5260:896.256 - 0.203ms returns 0
T51EC 5260:896.256 JLINK_IsHalted()
T51EC 5260:896.768 - 0.415ms returns FALSE
T51EC 5260:898.304 JLINK_GetHWStatus(...)
T51EC 5260:898.304 - 0.155ms returns 0
T51EC 5260:898.304 JLINK_IsHalted()
T51EC 5260:898.816 - 0.469ms returns FALSE
T51EC 5260:900.352 JLINK_GetHWStatus(...)
T51EC 5260:900.352 - 0.224ms returns 0
T51EC 5260:900.352 JLINK_IsHalted()
T51EC 5260:900.864 - 0.397ms returns FALSE
T51EC 5260:901.888 JLINK_GetHWStatus(...)
T51EC 5260:902.400 - 0.165ms returns 0
T51EC 5260:902.400 JLINK_IsHalted()
T51EC 5260:902.912 - 0.289ms returns FALSE
T51EC 5260:904.448 JLINK_GetHWStatus(...)
T51EC 5260:904.960 - 0.179ms returns 0
T51EC 5260:904.960 JLINK_IsHalted()
T51EC 5260:905.472 - 0.494ms returns FALSE
T51EC 5260:907.008 JLINK_GetHWStatus(...)
T51EC 5260:907.008 - 0.238ms returns 0
T51EC 5260:907.520 JLINK_IsHalted()
T51EC 5260:907.520 - 0.435ms returns FALSE
T51EC 5260:909.568 JLINK_GetHWStatus(...)
T51EC 5260:909.568 - 0.246ms returns 0
T51EC 5260:909.568 JLINK_IsHalted()
T51EC 5260:910.080 - 0.333ms returns FALSE
T51EC 5260:911.616 JLINK_GetHWStatus(...)
T51EC 5260:911.616 - 0.210ms returns 0
T51EC 5260:912.128 JLINK_IsHalted()
T51EC 5260:912.128 - 0.318ms returns FALSE
T51EC 5260:913.664 JLINK_GetHWStatus(...)
T51EC 5260:913.664 - 0.184ms returns 0
T51EC 5260:913.664 JLINK_IsHalted()
T51EC 5260:914.176 - 0.302ms returns FALSE
T51EC 5260:915.712 JLINK_GetHWStatus(...)
T51EC 5260:915.712 - 0.166ms returns 0
T51EC 5260:915.712 JLINK_IsHalted()
T51EC 5260:916.224 - 0.320ms returns FALSE
T51EC 5260:917.760 JLINK_GetHWStatus(...)
T51EC 5260:917.760 - 0.167ms returns 0
T51EC 5260:917.760 JLINK_IsHalted()
T51EC 5260:918.272 - 0.403ms returns FALSE
T51EC 5260:919.808 JLINK_GetHWStatus(...)
T51EC 5260:920.320 - 0.180ms returns 0
T51EC 5260:920.320 JLINK_IsHalted()
T51EC 5260:920.832 - 0.363ms returns FALSE
T51EC 5260:922.368 JLINK_GetHWStatus(...)
T51EC 5260:922.880 - 0.223ms returns 0
T51EC 5260:922.880 JLINK_IsHalted()
T51EC 5260:923.392 - 0.353ms returns FALSE
T51EC 5260:925.440 JLINK_GetHWStatus(...)
T51EC 5260:925.440 - 0.214ms returns 0
T51EC 5260:925.440 JLINK_IsHalted()
T51EC 5260:925.952 - 0.323ms returns FALSE
T51EC 5260:927.488 JLINK_GetHWStatus(...)
T51EC 5260:927.488 - 0.210ms returns 0
T51EC 5260:927.488 JLINK_IsHalted()
T51EC 5260:928.000 - 0.364ms returns FALSE
T51EC 5260:929.536 JLINK_GetHWStatus(...)
T51EC 5260:929.536 - 0.202ms returns 0
T51EC 5260:929.536 JLINK_IsHalted()
T51EC 5260:930.048 - 0.387ms returns FALSE
T51EC 5260:931.584 JLINK_GetHWStatus(...)
T51EC 5260:931.584 - 0.160ms returns 0
T51EC 5260:931.584 JLINK_IsHalted()
T51EC 5260:932.096 - 0.304ms returns FALSE
T51EC 5260:933.632 JLINK_GetHWStatus(...)
T51EC 5260:933.632 - 0.185ms returns 0
T51EC 5260:933.632 JLINK_IsHalted()
T51EC 5260:934.144 - 0.385ms returns FALSE
T51EC 5260:935.168 JLINK_GetHWStatus(...)
T51EC 5260:935.680 - 0.158ms returns 0
T51EC 5260:935.680 JLINK_IsHalted()
T51EC 5260:936.192 - 0.300ms returns FALSE
T51EC 5260:937.728 JLINK_GetHWStatus(...)
T51EC 5260:937.728 - 0.211ms returns 0
T51EC 5260:938.240 JLINK_IsHalted()
T51EC 5260:938.240 - 0.406ms returns FALSE
T51EC 5260:939.776 JLINK_GetHWStatus(...)
T51EC 5260:939.776 - 0.176ms returns 0
T51EC 5260:939.776 JLINK_IsHalted()
T51EC 5260:940.288 - 0.325ms returns FALSE
T51EC 5260:941.824 JLINK_GetHWStatus(...)
T51EC 5260:941.824 - 0.152ms returns 0
T51EC 5260:941.824 JLINK_IsHalted()
T51EC 5260:942.336 - 0.333ms returns FALSE
T51EC 5260:943.360 JLINK_GetHWStatus(...)
T51EC 5260:943.872 - 0.197ms returns 0
T51EC 5260:943.872 JLINK_IsHalted()
T51EC 5260:944.384 - 0.318ms returns FALSE
T51EC 5260:945.408 JLINK_GetHWStatus(...)
T51EC 5260:945.920 - 0.140ms returns 0
T51EC 5260:945.920 JLINK_IsHalted()
T51EC 5260:946.432 - 0.480ms returns FALSE
T51EC 5260:947.456 JLINK_GetHWStatus(...)
T51EC 5260:947.968 - 0.223ms returns 0
T51EC 5260:947.968 JLINK_IsHalted()
T51EC 5260:948.480 - 0.446ms returns FALSE
T51EC 5260:950.016 JLINK_GetHWStatus(...)
T51EC 5260:950.016 - 0.164ms returns 0
T51EC 5260:950.016 JLINK_IsHalted()
T51EC 5260:950.528 - 0.411ms returns FALSE
T51EC 5260:952.064 JLINK_GetHWStatus(...)
T51EC 5260:952.064 - 0.208ms returns 0
T51EC 5260:952.576 JLINK_IsHalted()
T51EC 5260:952.576 - 0.384ms returns FALSE
T51EC 5260:954.624 JLINK_GetHWStatus(...)
T51EC 5260:954.624 - 0.202ms returns 0
T51EC 5260:954.624 JLINK_IsHalted()
T51EC 5260:954.624 - 0.354ms returns FALSE
T51EC 5260:956.672 JLINK_GetHWStatus(...)
T51EC 5260:956.672 - 0.176ms returns 0
T51EC 5260:956.672 JLINK_IsHalted()
T51EC 5260:957.184 - 0.364ms returns FALSE
T51EC 5260:958.720 JLINK_GetHWStatus(...)
T51EC 5260:958.720 - 0.161ms returns 0
T51EC 5260:958.720 JLINK_IsHalted()
T51EC 5260:959.232 - 0.365ms returns FALSE
T51EC 5260:960.768 JLINK_GetHWStatus(...)
T51EC 5260:961.280 - 0.272ms returns 0
T51EC 5260:961.280 JLINK_IsHalted()
T51EC 5260:961.280 - 0.293ms returns FALSE
T51EC 5260:962.816 JLINK_GetHWStatus(...)
T51EC 5260:962.816 - 0.160ms returns 0
T51EC 5260:963.328 JLINK_IsHalted()
T51EC 5260:963.328 - 0.331ms returns FALSE
T51EC 5260:964.864 JLINK_GetHWStatus(...)
T51EC 5260:964.864 - 0.162ms returns 0
T51EC 5260:965.376 JLINK_IsHalted()
T51EC 5260:965.376 - 0.320ms returns FALSE
T51EC 5260:966.912 JLINK_GetHWStatus(...)
T51EC 5260:966.912 - 0.219ms returns 0
T51EC 5260:967.424 JLINK_IsHalted()
T51EC 5260:967.424 - 0.358ms returns FALSE
T51EC 5260:969.984 JLINK_GetHWStatus(...)
T51EC 5260:969.984 - 0.204ms returns 0
T51EC 5260:969.984 JLINK_IsHalted()
T51EC 5260:970.496 - 0.327ms returns FALSE
T51EC 5260:972.032 JLINK_GetHWStatus(...)
T51EC 5260:972.032 - 0.169ms returns 0
T51EC 5260:972.032 JLINK_IsHalted()
T51EC 5260:972.544 - 0.346ms returns FALSE
T51EC 5260:974.080 JLINK_GetHWStatus(...)
T51EC 5260:974.080 - 0.204ms returns 0
T51EC 5260:974.080 JLINK_IsHalted()
T51EC 5260:974.592 - 0.308ms returns FALSE
T51EC 5260:975.616 JLINK_GetHWStatus(...)
T51EC 5260:976.128 - 0.158ms returns 0
T51EC 5260:976.128 JLINK_IsHalted()
T51EC 5260:976.640 - 0.325ms returns FALSE
T51EC 5260:977.664 JLINK_GetHWStatus(...)
T51EC 5260:978.176 - 0.145ms returns 0
T51EC 5260:978.176 JLINK_IsHalted()
T51EC 5260:978.688 - 0.332ms returns FALSE
T51EC 5260:980.224 JLINK_GetHWStatus(...)
T51EC 5260:980.224 - 0.190ms returns 0
T51EC 5260:980.224 JLINK_IsHalted()
T51EC 5260:980.736 - 0.313ms returns FALSE
T51EC 5260:981.760 JLINK_GetHWStatus(...)
T51EC 5260:982.272 - 0.152ms returns 0
T51EC 5260:982.272 JLINK_IsHalted()
T51EC 5260:982.784 - 0.366ms returns FALSE
T51EC 5260:984.320 JLINK_GetHWStatus(...)
T51EC 5260:984.320 - 0.206ms returns 0
T51EC 5260:984.320 JLINK_IsHalted()
T51EC 5260:984.832 - 0.367ms returns FALSE
T51EC 5260:986.368 JLINK_GetHWStatus(...)
T51EC 5260:986.368 - 0.172ms returns 0
T51EC 5260:986.368 JLINK_IsHalted()
T51EC 5260:986.880 - 0.370ms returns FALSE
T51EC 5260:988.416 JLINK_GetHWStatus(...)
T51EC 5260:988.416 - 0.170ms returns 0
T51EC 5260:988.416 JLINK_IsHalted()
T51EC 5260:988.928 - 0.357ms returns FALSE
T51EC 5260:990.464 JLINK_GetHWStatus(...)
T51EC 5260:990.976 - 0.204ms returns 0
T51EC 5260:990.976 JLINK_IsHalted()
T51EC 5260:991.488 - 0.307ms returns FALSE
T51EC 5260:993.024 JLINK_GetHWStatus(...)
T51EC 5260:993.536 - 0.179ms returns 0
T51EC 5260:993.536 JLINK_IsHalted()
T51EC 5260:993.536 - 0.389ms returns FALSE
T51EC 5260:995.584 JLINK_GetHWStatus(...)
T51EC 5260:995.584 - 0.185ms returns 0
T51EC 5260:995.584 JLINK_IsHalted()
T51EC 5260:996.096 - 0.483ms returns FALSE
T51EC 5260:997.632 JLINK_GetHWStatus(...)
T51EC 5260:997.632 - 0.188ms returns 0
T51EC 5260:997.632 JLINK_IsHalted()
T51EC 5260:998.144 - 0.506ms returns FALSE
T51EC 5260:999.680 JLINK_GetHWStatus(...)
T51EC 5260:999.680 - 0.177ms returns 0
T51EC 5260:999.680 JLINK_IsHalted()
T51EC 5261:000.192 - 0.526ms returns FALSE
T51EC 5261:001.728 JLINK_GetHWStatus(...)
T51EC 5261:001.728 - 0.178ms returns 0
T51EC 5261:001.728 JLINK_IsHalted()
T51EC 5261:002.240 - 0.494ms returns FALSE
T51EC 5261:003.776 JLINK_GetHWStatus(...)
T51EC 5261:003.776 - 0.177ms returns 0
T51EC 5261:003.776 JLINK_IsHalted()
T51EC 5261:003.776 - 0.359ms returns FALSE
T51EC 5261:005.824 JLINK_GetHWStatus(...)
T51EC 5261:005.824 - 0.147ms returns 0
T51EC 5261:005.824 JLINK_IsHalted()
T51EC 5261:005.824 - 0.419ms returns FALSE
T51EC 5261:007.872 JLINK_GetHWStatus(...)
T51EC 5261:007.872 - 0.151ms returns 0
T51EC 5261:007.872 JLINK_IsHalted()
T51EC 5261:007.872 - 0.381ms returns FALSE
T51EC 5261:009.920 JLINK_GetHWStatus(...)
T51EC 5261:009.920 - 0.199ms returns 0
T51EC 5261:009.920 JLINK_IsHalted()
T51EC 5261:009.920 - 0.290ms returns FALSE
T51EC 5261:011.968 JLINK_GetHWStatus(...)
T51EC 5261:011.968 - 0.170ms returns 0
T51EC 5261:011.968 JLINK_IsHalted()
T51EC 5261:012.480 - 0.405ms returns FALSE
T51EC 5261:014.016 JLINK_GetHWStatus(...)
T51EC 5261:014.016 - 0.244ms returns 0
T51EC 5261:014.016 JLINK_IsHalted()
T51EC 5261:014.528 - 0.341ms returns FALSE
T51EC 5261:016.064 JLINK_GetHWStatus(...)
T51EC 5261:016.064 - 0.160ms returns 0
T51EC 5261:016.064 JLINK_IsHalted()
T51EC 5261:016.064 - 0.287ms returns FALSE
T51EC 5261:018.112 JLINK_GetHWStatus(...)
T51EC 5261:018.112 - 0.138ms returns 0
T51EC 5261:018.112 JLINK_IsHalted()
T51EC 5261:018.112 - 0.285ms returns FALSE
T51EC 5261:020.160 JLINK_GetHWStatus(...)
T51EC 5261:020.160 - 0.178ms returns 0
T51EC 5261:020.160 JLINK_IsHalted()
T51EC 5261:020.160 - 0.420ms returns FALSE
T51EC 5261:022.208 JLINK_GetHWStatus(...)
T51EC 5261:022.208 - 0.276ms returns 0
T51EC 5261:022.208 JLINK_IsHalted()
T51EC 5261:022.208 - 0.299ms returns FALSE
T51EC 5261:024.256 JLINK_GetHWStatus(...)
T51EC 5261:024.256 - 0.170ms returns 0
T51EC 5261:024.256 JLINK_IsHalted()
T51EC 5261:024.256 - 0.314ms returns FALSE
T51EC 5261:026.304 JLINK_GetHWStatus(...)
T51EC 5261:026.304 - 0.154ms returns 0
T51EC 5261:026.304 JLINK_IsHalted()
T51EC 5261:026.304 - 0.390ms returns FALSE
T51EC 5261:027.840 JLINK_GetHWStatus(...)
T51EC 5261:028.352 - 0.172ms returns 0
T51EC 5261:028.352 JLINK_IsHalted()
T51EC 5261:028.352 - 0.328ms returns FALSE
T51EC 5261:029.888 JLINK_GetHWStatus(...)
T51EC 5261:030.400 - 0.222ms returns 0
T51EC 5261:030.400 JLINK_IsHalted()
T51EC 5261:030.400 - 0.332ms returns FALSE
T51EC 5261:032.448 JLINK_GetHWStatus(...)
T51EC 5261:032.448 - 0.169ms returns 0
T51EC 5261:032.448 JLINK_IsHalted()
T51EC 5261:032.960 - 0.289ms returns FALSE
T51EC 5261:034.496 JLINK_GetHWStatus(...)
T51EC 5261:034.496 - 0.168ms returns 0
T51EC 5261:034.496 JLINK_IsHalted()
T51EC 5261:035.008 - 0.304ms returns FALSE
T51EC 5261:036.544 JLINK_GetHWStatus(...)
T51EC 5261:036.544 - 0.182ms returns 0
T51EC 5261:036.544 JLINK_IsHalted()
T51EC 5261:036.544 - 0.286ms returns FALSE
T51EC 5261:038.592 JLINK_GetHWStatus(...)
T51EC 5261:038.592 - 0.152ms returns 0
T51EC 5261:038.592 JLINK_IsHalted()
T51EC 5261:039.104 - 0.432ms returns FALSE
T51EC 5261:040.640 JLINK_GetHWStatus(...)
T51EC 5261:040.640 - 0.209ms returns 0
T51EC 5261:040.640 JLINK_IsHalted()
T51EC 5261:041.152 - 0.411ms returns FALSE
T51EC 5261:043.200 JLINK_GetHWStatus(...)
T51EC 5261:043.712 - 0.326ms returns 0
T51EC 5261:043.712 JLINK_IsHalted()
T51EC 5261:044.224 - 0.414ms returns FALSE
T51EC 5261:045.760 JLINK_GetHWStatus(...)
T51EC 5261:045.760 - 0.323ms returns 0
T51EC 5261:046.272 JLINK_IsHalted()
T51EC 5261:046.272 - 0.365ms returns FALSE
T51EC 5261:047.808 JLINK_GetHWStatus(...)
T51EC 5261:048.320 - 0.157ms returns 0
T51EC 5261:048.320 JLINK_IsHalted()
T51EC 5261:048.832 - 0.410ms returns FALSE
T51EC 5261:049.856 JLINK_GetHWStatus(...)
T51EC 5261:050.368 - 0.195ms returns 0
T51EC 5261:050.368 JLINK_IsHalted()
T51EC 5261:050.880 - 0.491ms returns FALSE
T51EC 5261:052.416 JLINK_GetHWStatus(...)
T51EC 5261:052.416 - 0.217ms returns 0
T51EC 5261:052.416 JLINK_IsHalted()
T51EC 5261:052.928 - 0.394ms returns FALSE
T51EC 5261:054.976 JLINK_GetHWStatus(...)
T51EC 5261:054.976 - 0.168ms returns 0
T51EC 5261:054.976 JLINK_IsHalted()
T51EC 5261:055.488 - 0.341ms returns FALSE
T51EC 5261:057.024 JLINK_GetHWStatus(...)
T51EC 5261:057.536 - 0.197ms returns 0
T51EC 5261:057.536 JLINK_IsHalted()
T51EC 5261:057.536 - 0.346ms returns FALSE
T51EC 5261:059.072 JLINK_GetHWStatus(...)
T51EC 5261:059.072 - 0.204ms returns 0
T51EC 5261:059.584 JLINK_IsHalted()
T51EC 5261:059.584 - 0.376ms returns FALSE
T51EC 5261:061.120 JLINK_GetHWStatus(...)
T51EC 5261:062.144 - 0.717ms returns 0
T51EC 5261:062.144 JLINK_IsHalted()
T51EC 5261:062.656 - 0.415ms returns FALSE
T51EC 5261:063.680 JLINK_GetHWStatus(...)
T51EC 5261:063.680 - 0.177ms returns 0
T51EC 5261:063.680 JLINK_IsHalted()
T51EC 5261:064.192 - 0.301ms returns FALSE
T51EC 5261:065.728 JLINK_GetHWStatus(...)
T51EC 5261:065.728 - 0.158ms returns 0
T51EC 5261:065.728 JLINK_IsHalted()
T51EC 5261:066.240 - 0.296ms returns FALSE
T51EC 5261:067.776 JLINK_GetHWStatus(...)
T51EC 5261:068.288 - 0.201ms returns 0
T51EC 5261:068.288 JLINK_IsHalted()
T51EC 5261:068.288 - 0.325ms returns FALSE
T51EC 5261:069.824 JLINK_GetHWStatus(...)
T51EC 5261:070.336 - 0.209ms returns 0
T51EC 5261:070.336 JLINK_IsHalted()
T51EC 5261:070.848 - 0.314ms returns FALSE
T51EC 5261:071.872 JLINK_GetHWStatus(...)
T51EC 5261:072.384 - 0.206ms returns 0
T51EC 5261:072.384 JLINK_IsHalted()
T51EC 5261:072.896 - 0.314ms returns FALSE
T51EC 5261:073.920 JLINK_GetHWStatus(...)
T51EC 5261:074.432 - 0.205ms returns 0
T51EC 5261:074.432 JLINK_IsHalted()
T51EC 5261:074.432 - 0.314ms returns FALSE
T51EC 5261:075.968 JLINK_GetHWStatus(...)
T51EC 5261:075.968 - 0.192ms returns 0
T51EC 5261:076.480 JLINK_IsHalted()
T51EC 5261:076.480 - 0.321ms returns FALSE
T51EC 5261:078.528 JLINK_GetHWStatus(...)
T51EC 5261:078.528 - 0.273ms returns 0
T51EC 5261:078.528 JLINK_IsHalted()
T51EC 5261:079.040 - 0.360ms returns FALSE
T51EC 5261:081.600 JLINK_GetHWStatus(...)
T51EC 5261:081.600 - 0.248ms returns 0
T51EC 5261:081.600 JLINK_IsHalted()
T51EC 5261:081.600 - 0.412ms returns FALSE
T51EC 5261:083.648 JLINK_GetHWStatus(...)
T51EC 5261:084.160 - 0.256ms returns 0
T51EC 5261:084.160 JLINK_IsHalted()
T51EC 5261:084.672 - 0.349ms returns FALSE
T51EC 5261:086.208 JLINK_GetHWStatus(...)
T51EC 5261:086.720 - 0.225ms returns 0
T51EC 5261:086.720 JLINK_IsHalted()
T51EC 5261:087.232 - 0.526ms returns FALSE
T51EC 5261:088.256 JLINK_GetHWStatus(...)
T51EC 5261:088.256 - 0.233ms returns 0
T51EC 5261:088.768 JLINK_IsHalted()
T51EC 5261:089.280 - 0.464ms returns FALSE
T51EC 5261:090.304 JLINK_GetHWStatus(...)
T51EC 5261:090.816 - 0.269ms returns 0
T51EC 5261:090.816 JLINK_IsHalted()
T51EC 5261:091.328 - 0.366ms returns FALSE
T51EC 5261:092.352 JLINK_GetHWStatus(...)
T51EC 5261:092.864 - 0.301ms returns 0
T51EC 5261:092.864 JLINK_IsHalted()
T51EC 5261:093.376 - 0.482ms returns FALSE
T51EC 5261:094.400 JLINK_GetHWStatus(...)
T51EC 5261:094.912 - 0.265ms returns 0
T51EC 5261:094.912 JLINK_IsHalted()
T51EC 5261:095.424 - 0.409ms returns FALSE
T51EC 5261:096.960 JLINK_GetHWStatus(...)
T51EC 5261:096.960 - 0.218ms returns 0
T51EC 5261:096.960 JLINK_IsHalted()
T51EC 5261:097.984 - 0.479ms returns FALSE
T51EC 5261:099.520 JLINK_GetHWStatus(...)
T51EC 5261:099.520 - 0.228ms returns 0
T51EC 5261:100.032 JLINK_IsHalted()
T51EC 5261:100.032 - 0.329ms returns FALSE
T51EC 5261:101.568 JLINK_GetHWStatus(...)
T51EC 5261:101.568 - 0.195ms returns 0
T51EC 5261:101.568 JLINK_IsHalted()
T51EC 5261:102.080 - 0.341ms returns FALSE
T51EC 5261:103.616 JLINK_GetHWStatus(...)
T51EC 5261:103.616 - 0.237ms returns 0
T51EC 5261:103.616 JLINK_IsHalted()
T51EC 5261:104.128 - 0.366ms returns FALSE
T51EC 5261:105.664 JLINK_GetHWStatus(...)
T51EC 5261:105.664 - 0.186ms returns 0
T51EC 5261:105.664 JLINK_IsHalted()
T51EC 5261:106.176 - 0.361ms returns FALSE
T51EC 5261:107.200 JLINK_GetHWStatus(...)
T51EC 5261:107.712 - 0.209ms returns 0
T51EC 5261:107.712 JLINK_IsHalted()
T51EC 5261:108.224 - 0.372ms returns FALSE
T51EC 5261:109.248 JLINK_GetHWStatus(...)
T51EC 5261:109.760 - 0.308ms returns 0
T51EC 5261:109.760 JLINK_IsHalted()
T51EC 5261:110.272 - 0.381ms returns FALSE
T51EC 5261:111.808 JLINK_GetHWStatus(...)
T51EC 5261:112.320 - 0.230ms returns 0
T51EC 5261:112.320 JLINK_IsHalted()
T51EC 5261:112.320 - 0.323ms returns FALSE
T51EC 5261:114.368 JLINK_GetHWStatus(...)
T51EC 5261:114.368 - 0.295ms returns 0
T51EC 5261:114.368 JLINK_IsHalted()
T51EC 5261:114.880 - 0.488ms returns FALSE
T51EC 5261:116.416 JLINK_GetHWStatus(...)
T51EC 5261:116.416 - 0.198ms returns 0
T51EC 5261:116.416 JLINK_IsHalted()
T51EC 5261:116.928 - 0.325ms returns FALSE
T51EC 5261:118.464 JLINK_GetHWStatus(...)
T51EC 5261:118.464 - 0.198ms returns 0
T51EC 5261:118.464 JLINK_IsHalted()
T51EC 5261:118.464 - 0.341ms returns FALSE
T51EC 5261:120.512 JLINK_GetHWStatus(...)
T51EC 5261:120.512 - 0.179ms returns 0
T51EC 5261:120.512 JLINK_IsHalted()
T51EC 5261:120.512 - 0.382ms returns FALSE
T51EC 5261:122.560 JLINK_GetHWStatus(...)
T51EC 5261:122.560 - 0.265ms returns 0
T51EC 5261:122.560 JLINK_IsHalted()
T51EC 5261:123.072 - 0.406ms returns FALSE
T51EC 5261:124.608 JLINK_GetHWStatus(...)
T51EC 5261:124.608 - 0.261ms returns 0
T51EC 5261:124.608 JLINK_IsHalted()
T51EC 5261:124.608 - 0.333ms returns FALSE
T51EC 5261:126.656 JLINK_GetHWStatus(...)
T51EC 5261:126.656 - 0.180ms returns 0
T51EC 5261:126.656 JLINK_IsHalted()
T51EC 5261:126.656 - 0.364ms returns FALSE
T51EC 5261:128.704 JLINK_GetHWStatus(...)
T51EC 5261:128.704 - 0.206ms returns 0
T51EC 5261:128.704 JLINK_IsHalted()
T51EC 5261:129.216 - 0.318ms returns FALSE
T51EC 5261:130.752 JLINK_GetHWStatus(...)
T51EC 5261:130.752 - 0.176ms returns 0
T51EC 5261:130.752 JLINK_IsHalted()
T51EC 5261:131.264 - 0.325ms returns FALSE
T51EC 5261:132.800 JLINK_GetHWStatus(...)
T51EC 5261:132.800 - 0.171ms returns 0
T51EC 5261:132.800 JLINK_IsHalted()
T51EC 5261:133.312 - 0.349ms returns FALSE
T51EC 5261:134.848 JLINK_GetHWStatus(...)
T51EC 5261:134.848 - 0.179ms returns 0
T51EC 5261:134.848 JLINK_IsHalted()
T51EC 5261:135.360 - 0.448ms returns FALSE
T51EC 5261:136.896 JLINK_GetHWStatus(...)
T51EC 5261:136.896 - 0.168ms returns 0
T51EC 5261:136.896 JLINK_IsHalted()
T51EC 5261:137.408 - 0.458ms returns FALSE
T51EC 5261:138.944 JLINK_GetHWStatus(...)
T51EC 5261:139.456 - 0.229ms returns 0
T51EC 5261:139.456 JLINK_IsHalted()
T51EC 5261:139.968 - 0.477ms returns FALSE
T51EC 5261:141.504 JLINK_GetHWStatus(...)
T51EC 5261:141.504 - 0.174ms returns 0
T51EC 5261:141.504 JLINK_IsHalted()
T51EC 5261:142.016 - 0.386ms returns FALSE
T51EC 5261:144.064 JLINK_GetHWStatus(...)
T51EC 5261:144.064 - 0.230ms returns 0
T51EC 5261:144.064 JLINK_IsHalted()
T51EC 5261:145.088 - 0.474ms returns FALSE
T51EC 5261:146.112 JLINK_GetHWStatus(...)
T51EC 5261:146.112 - 0.175ms returns 0
T51EC 5261:146.112 JLINK_IsHalted()
T51EC 5261:146.624 - 0.384ms returns FALSE
T51EC 5261:148.160 JLINK_GetHWStatus(...)
T51EC 5261:148.160 - 0.216ms returns 0
T51EC 5261:148.672 JLINK_IsHalted()
T51EC 5261:148.672 - 0.317ms returns FALSE
T51EC 5261:151.232 JLINK_GetHWStatus(...)
T51EC 5261:151.232 - 0.198ms returns 0
T51EC 5261:151.232 JLINK_IsHalted()
T51EC 5261:151.744 - 0.323ms returns FALSE
T51EC 5261:153.280 JLINK_GetHWStatus(...)
T51EC 5261:153.792 - 0.237ms returns 0
T51EC 5261:153.792 JLINK_IsHalted()
T51EC 5261:154.304 - 0.334ms returns FALSE
T51EC 5261:156.352 JLINK_GetHWStatus(...)
T51EC 5261:156.352 - 0.213ms returns 0
T51EC 5261:156.864 JLINK_IsHalted()
T51EC 5261:156.864 - 0.323ms returns FALSE
T51EC 5261:158.912 JLINK_GetHWStatus(...)
T51EC 5261:158.912 - 0.197ms returns 0
T51EC 5261:158.912 JLINK_IsHalted()
T51EC 5261:159.424 - 0.349ms returns FALSE
T51EC 5261:161.472 JLINK_GetHWStatus(...)
T51EC 5261:161.472 - 0.237ms returns 0
T51EC 5261:161.472 JLINK_IsHalted()
T51EC 5261:161.472 - 0.339ms returns FALSE
T51EC 5261:163.520 JLINK_GetHWStatus(...)
T51EC 5261:163.520 - 0.218ms returns 0
T51EC 5261:163.520 JLINK_IsHalted()
T51EC 5261:164.032 - 0.361ms returns FALSE
T51EC 5261:165.568 JLINK_GetHWStatus(...)
T51EC 5261:165.568 - 0.184ms returns 0
T51EC 5261:165.568 JLINK_IsHalted()
T51EC 5261:166.080 - 0.357ms returns FALSE
T51EC 5261:167.616 JLINK_GetHWStatus(...)
T51EC 5261:167.616 - 0.199ms returns 0
T51EC 5261:167.616 JLINK_IsHalted()
T51EC 5261:168.128 - 0.328ms returns FALSE
T51EC 5261:169.664 JLINK_GetHWStatus(...)
T51EC 5261:169.664 - 0.168ms returns 0
T51EC 5261:170.176 JLINK_IsHalted()
T51EC 5261:170.176 - 0.336ms returns FALSE
T51EC 5261:171.712 JLINK_GetHWStatus(...)
T51EC 5261:171.712 - 0.208ms returns 0
T51EC 5261:172.224 JLINK_IsHalted()
T51EC 5261:172.224 - 0.345ms returns FALSE
T51EC 5261:173.760 JLINK_GetHWStatus(...)
T51EC 5261:173.760 - 0.220ms returns 0
T51EC 5261:173.760 JLINK_IsHalted()
T51EC 5261:174.272 - 0.305ms returns FALSE
T51EC 5261:175.808 JLINK_GetHWStatus(...)
T51EC 5261:175.808 - 0.178ms returns 0
T51EC 5261:175.808 JLINK_IsHalted()
T51EC 5261:176.320 - 0.373ms returns FALSE
T51EC 5261:177.856 JLINK_GetHWStatus(...)
T51EC 5261:177.856 - 0.192ms returns 0
T51EC 5261:177.856 JLINK_IsHalted()
T51EC 5261:178.368 - 0.384ms returns FALSE
T51EC 5261:179.904 JLINK_GetHWStatus(...)
T51EC 5261:179.904 - 0.195ms returns 0
T51EC 5261:179.904 JLINK_IsHalted()
T51EC 5261:180.416 - 0.346ms returns FALSE
T51EC 5261:181.952 JLINK_GetHWStatus(...)
T51EC 5261:181.952 - 0.180ms returns 0
T51EC 5261:181.952 JLINK_IsHalted()
T51EC 5261:182.464 - 0.487ms returns FALSE
T51EC 5261:184.000 JLINK_GetHWStatus(...)
T51EC 5261:184.000 - 0.195ms returns 0
T51EC 5261:184.000 JLINK_IsHalted()
T51EC 5261:184.512 - 0.475ms returns FALSE
T51EC 5261:186.048 JLINK_GetHWStatus(...)
T51EC 5261:186.048 - 0.201ms returns 0
T51EC 5261:186.048 JLINK_IsHalted()
T51EC 5261:186.048 - 0.324ms returns FALSE
T51EC 5261:188.096 JLINK_GetHWStatus(...)
T51EC 5261:188.096 - 0.198ms returns 0
T51EC 5261:188.096 JLINK_IsHalted()
T51EC 5261:188.608 - 0.431ms returns FALSE
T51EC 5261:190.144 JLINK_GetHWStatus(...)
T51EC 5261:190.144 - 0.177ms returns 0
T51EC 5261:190.144 JLINK_IsHalted()
T51EC 5261:190.656 - 0.506ms returns FALSE
T51EC 5261:192.192 JLINK_GetHWStatus(...)
T51EC 5261:192.192 - 0.153ms returns 0
T51EC 5261:192.192 JLINK_IsHalted()
T51EC 5261:192.192 - 0.414ms returns FALSE
T51EC 5261:194.240 JLINK_GetHWStatus(...)
T51EC 5261:194.240 - 0.193ms returns 0
T51EC 5261:194.240 JLINK_IsHalted()
T51EC 5261:194.240 - 0.304ms returns FALSE
T51EC 5261:196.288 JLINK_GetHWStatus(...)
T51EC 5261:196.288 - 0.195ms returns 0
T51EC 5261:196.288 JLINK_IsHalted()
T51EC 5261:196.288 - 0.331ms returns FALSE
T51EC 5261:197.824 JLINK_GetHWStatus(...)
T51EC 5261:198.336 - 0.200ms returns 0
T51EC 5261:198.336 JLINK_IsHalted()
T51EC 5261:198.336 - 0.311ms returns FALSE
T51EC 5261:199.872 JLINK_GetHWStatus(...)
T51EC 5261:200.384 - 0.195ms returns 0
T51EC 5261:200.384 JLINK_IsHalted()
T51EC 5261:200.384 - 0.302ms returns FALSE
T51EC 5261:201.920 JLINK_GetHWStatus(...)
T51EC 5261:202.432 - 0.152ms returns 0
T51EC 5261:202.432 JLINK_IsHalted()
T51EC 5261:202.432 - 0.411ms returns FALSE
T51EC 5261:203.968 JLINK_GetHWStatus(...)
T51EC 5261:204.480 - 0.176ms returns 0
T51EC 5261:204.480 JLINK_IsHalted()
T51EC 5261:204.480 - 0.308ms returns FALSE
T51EC 5261:206.528 JLINK_GetHWStatus(...)
T51EC 5261:206.528 - 0.146ms returns 0
T51EC 5261:206.528 JLINK_IsHalted()
T51EC 5261:206.528 - 0.314ms returns FALSE
T51EC 5261:208.576 JLINK_GetHWStatus(...)
T51EC 5261:208.576 - 0.155ms returns 0
T51EC 5261:208.576 JLINK_IsHalted()
T51EC 5261:208.576 - 0.353ms returns FALSE
T51EC 5261:210.624 JLINK_GetHWStatus(...)
T51EC 5261:210.624 - 0.304ms returns 0
T51EC 5261:210.624 JLINK_IsHalted()
T51EC 5261:211.136 - 0.335ms returns FALSE
T51EC 5261:212.672 JLINK_GetHWStatus(...)
T51EC 5261:212.672 - 0.163ms returns 0
T51EC 5261:212.672 JLINK_IsHalted()
T51EC 5261:212.672 - 0.333ms returns FALSE
T51EC 5261:214.720 JLINK_GetHWStatus(...)
T51EC 5261:214.720 - 0.250ms returns 0
T51EC 5261:214.720 JLINK_IsHalted()
T51EC 5261:215.232 - 0.376ms returns FALSE
T51EC 5261:216.768 JLINK_GetHWStatus(...)
T51EC 5261:216.768 - 0.179ms returns 0
T51EC 5261:216.768 JLINK_IsHalted()
T51EC 5261:216.768 - 0.358ms returns FALSE
T51EC 5261:218.816 JLINK_GetHWStatus(...)
T51EC 5261:218.816 - 0.205ms returns 0
T51EC 5261:218.816 JLINK_IsHalted()
T51EC 5261:218.816 - 0.340ms returns FALSE
T51EC 5261:220.864 JLINK_GetHWStatus(...)
T51EC 5261:220.864 - 0.233ms returns 0
T51EC 5261:220.864 JLINK_IsHalted()
T51EC 5261:221.376 - 0.329ms returns FALSE
T51EC 5261:222.912 JLINK_GetHWStatus(...)
T51EC 5261:222.912 - 0.236ms returns 0
T51EC 5261:222.912 JLINK_IsHalted()
T51EC 5261:223.424 - 0.332ms returns FALSE
T51EC 5261:224.960 JLINK_GetHWStatus(...)
T51EC 5261:224.960 - 0.187ms returns 0
T51EC 5261:224.960 JLINK_IsHalted()
T51EC 5261:225.472 - 0.336ms returns FALSE
T51EC 5261:227.008 JLINK_GetHWStatus(...)
T51EC 5261:227.008 - 0.222ms returns 0
T51EC 5261:227.008 JLINK_IsHalted()
T51EC 5261:227.520 - 0.329ms returns FALSE
T51EC 5261:229.056 JLINK_GetHWStatus(...)
T51EC 5261:229.056 - 0.184ms returns 0
T51EC 5261:229.056 JLINK_IsHalted()
T51EC 5261:229.568 - 0.423ms returns FALSE
T51EC 5261:231.104 JLINK_GetHWStatus(...)
T51EC 5261:231.104 - 0.202ms returns 0
T51EC 5261:231.104 JLINK_IsHalted()
T51EC 5261:231.616 - 0.464ms returns FALSE
T51EC 5261:233.152 JLINK_GetHWStatus(...)
T51EC 5261:233.152 - 0.184ms returns 0
T51EC 5261:233.152 JLINK_IsHalted()
T51EC 5261:233.152 - 0.353ms returns FALSE
T51EC 5261:235.200 JLINK_GetHWStatus(...)
T51EC 5261:235.200 - 0.207ms returns 0
T51EC 5261:235.200 JLINK_IsHalted()
T51EC 5261:235.200 - 0.460ms returns FALSE
T51EC 5261:237.248 JLINK_GetHWStatus(...)
T51EC 5261:237.248 - 0.214ms returns 0
T51EC 5261:237.248 JLINK_IsHalted()
T51EC 5261:237.248 - 0.479ms returns FALSE
T51EC 5261:238.784 JLINK_GetHWStatus(...)
T51EC 5261:239.296 - 0.180ms returns 0
T51EC 5261:239.296 JLINK_IsHalted()
T51EC 5261:239.296 - 0.337ms returns FALSE
T51EC 5261:240.832 JLINK_GetHWStatus(...)
T51EC 5261:241.344 - 0.211ms returns 0
T51EC 5261:241.344 JLINK_IsHalted()
T51EC 5261:241.344 - 0.312ms returns FALSE
T51EC 5261:242.880 JLINK_GetHWStatus(...)
T51EC 5261:243.392 - 0.202ms returns 0
T51EC 5261:243.392 JLINK_IsHalted()
T51EC 5261:243.392 - 0.338ms returns FALSE
T51EC 5261:244.928 JLINK_GetHWStatus(...)
T51EC 5261:245.440 - 0.217ms returns 0
T51EC 5261:245.440 JLINK_IsHalted()
T51EC 5261:245.440 - 0.332ms returns FALSE
T51EC 5261:246.976 JLINK_GetHWStatus(...)
T51EC 5261:247.488 - 0.234ms returns 0
T51EC 5261:247.488 JLINK_IsHalted()
T51EC 5261:247.488 - 0.304ms returns FALSE
T51EC 5261:249.536 JLINK_GetHWStatus(...)
T51EC 5261:249.536 - 0.210ms returns 0
T51EC 5261:249.536 JLINK_IsHalted()
T51EC 5261:250.048 - 0.377ms returns FALSE
T51EC 5261:251.584 JLINK_GetHWStatus(...)
T51EC 5261:251.584 - 0.194ms returns 0
T51EC 5261:251.584 JLINK_IsHalted()
T51EC 5261:252.096 - 0.321ms returns FALSE
T51EC 5261:253.632 JLINK_GetHWStatus(...)
T51EC 5261:253.632 - 0.176ms returns 0
T51EC 5261:253.632 JLINK_IsHalted()
T51EC 5261:254.144 - 0.355ms returns FALSE
T51EC 5261:255.680 JLINK_GetHWStatus(...)
T51EC 5261:255.680 - 0.263ms returns 0
T51EC 5261:256.192 JLINK_IsHalted()
T51EC 5261:256.192 - 0.346ms returns FALSE
T51EC 5261:258.240 JLINK_GetHWStatus(...)
T51EC 5261:258.240 - 0.191ms returns 0
T51EC 5261:258.240 JLINK_IsHalted()
T51EC 5261:258.752 - 0.399ms returns FALSE
T51EC 5261:260.800 JLINK_GetHWStatus(...)
T51EC 5261:261.312 - 0.402ms returns 0
T51EC 5261:261.312 JLINK_IsHalted()
T51EC 5261:261.824 - 0.437ms returns FALSE
T51EC 5261:263.360 JLINK_GetHWStatus(...)
T51EC 5261:263.360 - 0.232ms returns 0
T51EC 5261:263.872 JLINK_IsHalted()
T51EC 5261:263.872 - 0.322ms returns FALSE
T51EC 5261:265.408 JLINK_GetHWStatus(...)
T51EC 5261:265.920 - 0.229ms returns 0
T51EC 5261:265.920 JLINK_IsHalted()
T51EC 5261:265.920 - 0.351ms returns FALSE
T51EC 5261:267.968 JLINK_GetHWStatus(...)
T51EC 5261:267.968 - 0.170ms returns 0
T51EC 5261:267.968 JLINK_IsHalted()
T51EC 5261:267.968 - 0.298ms returns FALSE
T51EC 5261:269.504 JLINK_GetHWStatus(...)
T51EC 5261:270.016 - 0.200ms returns 0
T51EC 5261:270.016 JLINK_IsHalted()
T51EC 5261:270.016 - 0.305ms returns FALSE
T51EC 5261:271.552 JLINK_GetHWStatus(...)
T51EC 5261:272.064 - 0.262ms returns 0
T51EC 5261:272.064 JLINK_IsHalted()
T51EC 5261:272.064 - 0.313ms returns FALSE
T51EC 5261:273.600 JLINK_GetHWStatus(...)
T51EC 5261:274.112 - 0.230ms returns 0
T51EC 5261:274.112 JLINK_IsHalted()
T51EC 5261:274.112 - 0.469ms returns FALSE
T51EC 5261:276.160 JLINK_GetHWStatus(...)
T51EC 5261:276.160 - 0.198ms returns 0
T51EC 5261:276.160 JLINK_IsHalted()
T51EC 5261:276.672 - 0.491ms returns FALSE
T51EC 5261:278.208 JLINK_GetHWStatus(...)
T51EC 5261:278.208 - 0.174ms returns 0
T51EC 5261:278.208 JLINK_IsHalted()
T51EC 5261:278.208 - 0.404ms returns FALSE
T51EC 5261:280.256 JLINK_GetHWStatus(...)
T51EC 5261:280.256 - 0.192ms returns 0
T51EC 5261:280.256 JLINK_IsHalted()
T51EC 5261:280.768 - 0.320ms returns FALSE
T51EC 5261:282.304 JLINK_GetHWStatus(...)
T51EC 5261:282.304 - 0.157ms returns 0
T51EC 5261:282.304 JLINK_IsHalted()
T51EC 5261:282.816 - 0.496ms returns FALSE
T51EC 5261:284.352 JLINK_GetHWStatus(...)
T51EC 5261:284.352 - 0.172ms returns 0
T51EC 5261:284.352 JLINK_IsHalted()
T51EC 5261:284.352 - 0.329ms returns FALSE
T51EC 5261:286.400 JLINK_GetHWStatus(...)
T51EC 5261:286.400 - 0.189ms returns 0
T51EC 5261:286.400 JLINK_IsHalted()
T51EC 5261:286.400 - 0.299ms returns FALSE
T51EC 5261:288.448 JLINK_GetHWStatus(...)
T51EC 5261:288.448 - 0.169ms returns 0
T51EC 5261:288.448 JLINK_IsHalted()
T51EC 5261:288.448 - 0.307ms returns FALSE
T51EC 5261:290.496 JLINK_GetHWStatus(...)
T51EC 5261:290.496 - 0.174ms returns 0
T51EC 5261:290.496 JLINK_IsHalted()
T51EC 5261:291.008 - 0.331ms returns FALSE
T51EC 5261:292.544 JLINK_GetHWStatus(...)
T51EC 5261:292.544 - 0.186ms returns 0
T51EC 5261:292.544 JLINK_IsHalted()
T51EC 5261:293.056 - 0.339ms returns FALSE
T51EC 5261:294.592 JLINK_GetHWStatus(...)
T51EC 5261:294.592 - 0.183ms returns 0
T51EC 5261:294.592 JLINK_IsHalted()
T51EC 5261:295.104 - 0.331ms returns FALSE
T51EC 5261:296.640 JLINK_GetHWStatus(...)
T51EC 5261:297.152 - 0.260ms returns 0
T51EC 5261:297.152 JLINK_IsHalted()
T51EC 5261:297.664 - 0.338ms returns FALSE
T51EC 5261:298.688 JLINK_GetHWStatus(...)
T51EC 5261:299.200 - 0.174ms returns 0
T51EC 5261:299.200 JLINK_IsHalted()
T51EC 5261:299.200 - 0.314ms returns FALSE
T51EC 5261:300.736 JLINK_GetHWStatus(...)
T51EC 5261:301.248 - 0.197ms returns 0
T51EC 5261:301.248 JLINK_IsHalted()
T51EC 5261:301.760 - 0.326ms returns FALSE
T51EC 5261:302.784 JLINK_GetHWStatus(...)
T51EC 5261:302.784 - 0.174ms returns 0
T51EC 5261:303.296 JLINK_IsHalted()
T51EC 5261:303.296 - 0.328ms returns FALSE
T51EC 5261:304.832 JLINK_GetHWStatus(...)
T51EC 5261:305.344 - 0.203ms returns 0
T51EC 5261:305.344 JLINK_IsHalted()
T51EC 5261:305.856 - 0.352ms returns FALSE
T51EC 5261:306.880 JLINK_GetHWStatus(...)
T51EC 5261:307.392 - 0.206ms returns 0
T51EC 5261:307.392 JLINK_IsHalted()
T51EC 5261:307.392 - 0.333ms returns FALSE
T51EC 5261:308.928 JLINK_GetHWStatus(...)
T51EC 5261:308.928 - 0.163ms returns 0
T51EC 5261:308.928 JLINK_IsHalted()
T51EC 5261:309.440 - 0.357ms returns FALSE
T51EC 5261:310.976 JLINK_GetHWStatus(...)
T51EC 5261:311.488 - 0.476ms returns 0
T51EC 5261:311.488 JLINK_IsHalted()
T51EC 5261:312.000 - 0.338ms returns FALSE
T51EC 5261:313.536 JLINK_GetHWStatus(...)
T51EC 5261:314.048 - 0.186ms returns 0
T51EC 5261:314.048 JLINK_IsHalted()
T51EC 5261:314.048 - 0.317ms returns FALSE
T51EC 5261:315.584 JLINK_GetHWStatus(...)
T51EC 5261:316.096 - 0.167ms returns 0
T51EC 5261:316.096 JLINK_IsHalted()
T51EC 5261:316.608 - 0.369ms returns FALSE
T51EC 5261:317.632 JLINK_GetHWStatus(...)
T51EC 5261:318.144 - 0.225ms returns 0
T51EC 5261:318.144 JLINK_IsHalted()
T51EC 5261:318.656 - 0.388ms returns FALSE
T51EC 5261:319.680 JLINK_GetHWStatus(...)
T51EC 5261:320.192 - 0.165ms returns 0
T51EC 5261:320.192 JLINK_IsHalted()
T51EC 5261:320.704 - 0.364ms returns FALSE
T51EC 5261:321.728 JLINK_GetHWStatus(...)
T51EC 5261:322.240 - 0.196ms returns 0
T51EC 5261:322.240 JLINK_IsHalted()
T51EC 5261:322.752 - 0.334ms returns FALSE
T51EC 5261:323.776 JLINK_GetHWStatus(...)
T51EC 5261:324.288 - 0.172ms returns 0
T51EC 5261:324.288 JLINK_IsHalted()
T51EC 5261:324.800 - 0.527ms returns FALSE
T51EC 5261:325.824 JLINK_GetHWStatus(...)
T51EC 5261:326.336 - 0.196ms returns 0
T51EC 5261:326.336 JLINK_IsHalted()
T51EC 5261:326.848 - 0.360ms returns FALSE
T51EC 5261:328.896 JLINK_GetHWStatus(...)
T51EC 5261:328.896 - 0.193ms returns 0
T51EC 5261:328.896 JLINK_IsHalted()
T51EC 5261:329.408 - 0.391ms returns FALSE
T51EC 5261:330.944 JLINK_GetHWStatus(...)
T51EC 5261:330.944 - 0.148ms returns 0
T51EC 5261:330.944 JLINK_IsHalted()
T51EC 5261:331.456 - 0.312ms returns FALSE
T51EC 5261:332.992 JLINK_GetHWStatus(...)
T51EC 5261:332.992 - 0.184ms returns 0
T51EC 5261:332.992 JLINK_IsHalted()
T51EC 5261:333.504 - 0.383ms returns FALSE
T51EC 5261:335.040 JLINK_GetHWStatus(...)
T51EC 5261:335.040 - 0.206ms returns 0
T51EC 5261:335.040 JLINK_IsHalted()
T51EC 5261:335.552 - 0.344ms returns FALSE
T51EC 5261:337.088 JLINK_GetHWStatus(...)
T51EC 5261:337.600 - 0.157ms returns 0
T51EC 5261:337.600 JLINK_IsHalted()
T51EC 5261:337.600 - 0.351ms returns FALSE
T51EC 5261:339.136 JLINK_GetHWStatus(...)
T51EC 5261:339.648 - 0.191ms returns 0
T51EC 5261:339.648 JLINK_IsHalted()
T51EC 5261:339.648 - 0.323ms returns FALSE
T51EC 5261:341.184 JLINK_GetHWStatus(...)
T51EC 5261:341.696 - 0.222ms returns 0
T51EC 5261:341.696 JLINK_IsHalted()
T51EC 5261:341.696 - 0.310ms returns FALSE
T51EC 5261:343.232 JLINK_GetHWStatus(...)
T51EC 5261:343.744 - 0.319ms returns 0
T51EC 5261:343.744 JLINK_IsHalted()
T51EC 5261:343.744 - 0.315ms returns FALSE
T51EC 5261:345.792 JLINK_GetHWStatus(...)
T51EC 5261:345.792 - 0.177ms returns 0
T51EC 5261:345.792 JLINK_IsHalted()
T51EC 5261:345.792 - 0.312ms returns FALSE
T51EC 5261:347.840 JLINK_GetHWStatus(...)
T51EC 5261:347.840 - 0.201ms returns 0
T51EC 5261:347.840 JLINK_IsHalted()
T51EC 5261:347.840 - 0.342ms returns FALSE
T51EC 5261:349.888 JLINK_GetHWStatus(...)
T51EC 5261:349.888 - 0.156ms returns 0
T51EC 5261:349.888 JLINK_IsHalted()
T51EC 5261:349.888 - 0.359ms returns FALSE
T51EC 5261:351.936 JLINK_GetHWStatus(...)
T51EC 5261:351.936 - 0.170ms returns 0
T51EC 5261:351.936 JLINK_IsHalted()
T51EC 5261:352.448 - 0.376ms returns FALSE
T51EC 5261:353.984 JLINK_GetHWStatus(...)
T51EC 5261:353.984 - 0.171ms returns 0
T51EC 5261:353.984 JLINK_IsHalted()
T51EC 5261:354.496 - 0.359ms returns FALSE
T51EC 5261:356.032 JLINK_GetHWStatus(...)
T51EC 5261:356.032 - 0.162ms returns 0
T51EC 5261:356.032 JLINK_IsHalted()
T51EC 5261:356.544 - 0.336ms returns FALSE
T51EC 5261:358.080 JLINK_GetHWStatus(...)
T51EC 5261:358.080 - 0.200ms returns 0
T51EC 5261:358.080 JLINK_IsHalted()
T51EC 5261:358.592 - 0.322ms returns FALSE
T51EC 5261:360.128 JLINK_GetHWStatus(...)
T51EC 5261:360.128 - 0.168ms returns 0
T51EC 5261:360.128 JLINK_IsHalted()
T51EC 5261:360.640 - 0.306ms returns FALSE
T51EC 5261:362.176 JLINK_GetHWStatus(...)
T51EC 5261:362.176 - 0.209ms returns 0
T51EC 5261:362.176 JLINK_IsHalted()
T51EC 5261:362.688 - 0.335ms returns FALSE
T51EC 5261:364.224 JLINK_GetHWStatus(...)
T51EC 5261:364.224 - 0.186ms returns 0
T51EC 5261:364.224 JLINK_IsHalted()
T51EC 5261:364.736 - 0.328ms returns FALSE
T51EC 5261:366.272 JLINK_GetHWStatus(...)
T51EC 5261:366.272 - 0.171ms returns 0
T51EC 5261:366.272 JLINK_IsHalted()
T51EC 5261:366.784 - 0.323ms returns FALSE
T51EC 5261:368.320 JLINK_GetHWStatus(...)
T51EC 5261:368.320 - 0.174ms returns 0
T51EC 5261:368.320 JLINK_IsHalted()
T51EC 5261:368.832 - 0.457ms returns FALSE
T51EC 5261:370.368 JLINK_GetHWStatus(...)
T51EC 5261:370.368 - 0.160ms returns 0
T51EC 5261:370.368 JLINK_IsHalted()
T51EC 5261:370.880 - 0.359ms returns FALSE
T51EC 5261:372.416 JLINK_GetHWStatus(...)
T51EC 5261:372.416 - 0.159ms returns 0
T51EC 5261:372.416 JLINK_IsHalted()
T51EC 5261:372.928 - 0.525ms returns FALSE
T51EC 5261:374.464 JLINK_GetHWStatus(...)
T51EC 5261:374.464 - 0.248ms returns 0
T51EC 5261:374.464 JLINK_IsHalted()
T51EC 5261:375.488 - 0.501ms returns FALSE
T51EC 5261:376.512 JLINK_GetHWStatus(...)
T51EC 5261:377.024 - 0.195ms returns 0
T51EC 5261:377.024 JLINK_IsHalted()
T51EC 5261:377.536 - 0.415ms returns FALSE
T51EC 5261:378.560 JLINK_GetHWStatus(...)
T51EC 5261:379.072 - 0.183ms returns 0
T51EC 5261:379.072 JLINK_IsHalted()
T51EC 5261:379.584 - 0.519ms returns FALSE
T51EC 5261:380.608 JLINK_GetHWStatus(...)
T51EC 5261:381.120 - 0.147ms returns 0
T51EC 5261:381.120 JLINK_IsHalted()
T51EC 5261:381.632 - 0.359ms returns FALSE
T51EC 5261:382.656 JLINK_GetHWStatus(...)
T51EC 5261:383.168 - 0.149ms returns 0
T51EC 5261:383.168 JLINK_IsHalted()
T51EC 5261:383.680 - 0.337ms returns FALSE
T51EC 5261:384.704 JLINK_GetHWStatus(...)
T51EC 5261:385.216 - 0.180ms returns 0
T51EC 5261:385.216 JLINK_IsHalted()
T51EC 5261:385.728 - 0.296ms returns FALSE
T51EC 5261:386.752 JLINK_GetHWStatus(...)
T51EC 5261:387.264 - 0.164ms returns 0
T51EC 5261:387.264 JLINK_IsHalted()
T51EC 5261:387.776 - 0.334ms returns FALSE
T51EC 5261:389.312 JLINK_GetHWStatus(...)
T51EC 5261:389.824 - 0.173ms returns 0
T51EC 5261:389.824 JLINK_IsHalted()
T51EC 5261:390.336 - 0.306ms returns FALSE
T51EC 5261:391.872 JLINK_GetHWStatus(...)
T51EC 5261:391.872 - 0.193ms returns 0
T51EC 5261:391.872 JLINK_IsHalted()
T51EC 5261:392.384 - 0.295ms returns FALSE
T51EC 5261:393.920 JLINK_GetHWStatus(...)
T51EC 5261:393.920 - 0.218ms returns 0
T51EC 5261:393.920 JLINK_IsHalted()
T51EC 5261:394.432 - 0.375ms returns FALSE
T51EC 5261:395.968 JLINK_GetHWStatus(...)
T51EC 5261:395.968 - 0.212ms returns 0
T51EC 5261:395.968 JLINK_IsHalted()
T51EC 5261:396.480 - 0.372ms returns FALSE
T51EC 5261:398.016 JLINK_GetHWStatus(...)
T51EC 5261:398.016 - 0.156ms returns 0
T51EC 5261:398.016 JLINK_IsHalted()
T51EC 5261:398.528 - 0.347ms returns FALSE
T51EC 5261:400.064 JLINK_GetHWStatus(...)
T51EC 5261:400.064 - 0.176ms returns 0
T51EC 5261:400.064 JLINK_IsHalted()
T51EC 5261:400.576 - 0.311ms returns FALSE
T51EC 5261:402.112 JLINK_GetHWStatus(...)
T51EC 5261:402.112 - 0.163ms returns 0
T51EC 5261:402.112 JLINK_IsHalted()
T51EC 5261:402.624 - 0.370ms returns FALSE
T51EC 5261:404.160 JLINK_GetHWStatus(...)
T51EC 5261:404.160 - 0.193ms returns 0
T51EC 5261:404.160 JLINK_IsHalted()
T51EC 5261:404.672 - 0.338ms returns FALSE
T51EC 5261:406.208 JLINK_GetHWStatus(...)
T51EC 5261:406.208 - 0.163ms returns 0
T51EC 5261:406.208 JLINK_IsHalted()
T51EC 5261:406.720 - 0.360ms returns FALSE
T51EC 5261:408.256 JLINK_GetHWStatus(...)
T51EC 5261:408.256 - 0.186ms returns 0
T51EC 5261:408.256 JLINK_IsHalted()
T51EC 5261:408.768 - 0.325ms returns FALSE
T51EC 5261:410.304 JLINK_GetHWStatus(...)
T51EC 5261:410.304 - 0.217ms returns 0
T51EC 5261:410.304 JLINK_IsHalted()
T51EC 5261:410.816 - 0.382ms returns FALSE
T51EC 5261:412.352 JLINK_GetHWStatus(...)
T51EC 5261:412.864 - 0.198ms returns 0
T51EC 5261:412.864 JLINK_IsHalted()
T51EC 5261:412.864 - 0.341ms returns FALSE
T51EC 5261:414.400 JLINK_GetHWStatus(...)
T51EC 5261:414.400 - 0.164ms returns 0
T51EC 5261:414.912 JLINK_IsHalted()
T51EC 5261:414.912 - 0.301ms returns FALSE
T51EC 5261:416.448 JLINK_GetHWStatus(...)
T51EC 5261:416.960 - 0.170ms returns 0
T51EC 5261:416.960 JLINK_IsHalted()
T51EC 5261:417.472 - 0.512ms returns FALSE
T51EC 5261:418.496 JLINK_GetHWStatus(...)
T51EC 5261:419.008 - 0.159ms returns 0
T51EC 5261:419.008 JLINK_IsHalted()
T51EC 5261:419.008 - 0.295ms returns FALSE
T51EC 5261:420.544 JLINK_GetHWStatus(...)
T51EC 5261:421.056 - 0.160ms returns 0
T51EC 5261:421.056 JLINK_IsHalted()
T51EC 5261:421.568 - 0.527ms returns FALSE
T51EC 5261:423.104 JLINK_GetHWStatus(...)
T51EC 5261:423.616 - 0.212ms returns 0
T51EC 5261:423.616 JLINK_IsHalted()
T51EC 5261:423.616 - 0.488ms returns FALSE
T51EC 5261:425.152 JLINK_GetHWStatus(...)
T51EC 5261:425.664 - 0.162ms returns 0
T51EC 5261:425.664 JLINK_IsHalted()
T51EC 5261:425.664 - 0.385ms returns FALSE
T51EC 5261:427.712 JLINK_GetHWStatus(...)
T51EC 5261:427.712 - 0.218ms returns 0
T51EC 5261:427.712 JLINK_IsHalted()
T51EC 5261:427.712 - 0.369ms returns FALSE
T51EC 5261:429.760 JLINK_GetHWStatus(...)
T51EC 5261:429.760 - 0.177ms returns 0
T51EC 5261:429.760 JLINK_IsHalted()
T51EC 5261:429.760 - 0.354ms returns FALSE
T51EC 5261:431.808 JLINK_GetHWStatus(...)
T51EC 5261:431.808 - 0.133ms returns 0
T51EC 5261:431.808 JLINK_IsHalted()
T51EC 5261:431.808 - 0.359ms returns FALSE
T51EC 5261:433.856 JLINK_GetHWStatus(...)
T51EC 5261:433.856 - 0.170ms returns 0
T51EC 5261:433.856 JLINK_IsHalted()
T51EC 5261:433.856 - 0.319ms returns FALSE
T51EC 5261:435.904 JLINK_GetHWStatus(...)
T51EC 5261:435.904 - 0.180ms returns 0
T51EC 5261:435.904 JLINK_IsHalted()
T51EC 5261:435.904 - 0.325ms returns FALSE
T51EC 5261:437.952 JLINK_GetHWStatus(...)
T51EC 5261:437.952 - 0.196ms returns 0
T51EC 5261:437.952 JLINK_IsHalted()
T51EC 5261:438.976 - 1.355ms returns FALSE
T51EC 5261:441.536 JLINK_GetHWStatus(...)
T51EC 5261:441.536 - 0.187ms returns 0
T51EC 5261:441.536 JLINK_IsHalted()
T51EC 5261:442.048 - 0.320ms returns FALSE
T51EC 5261:443.584 JLINK_GetHWStatus(...)
T51EC 5261:443.584 - 0.201ms returns 0
T51EC 5261:443.584 JLINK_IsHalted()
T51EC 5261:444.096 - 0.361ms returns FALSE
T51EC 5261:445.632 JLINK_GetHWStatus(...)
T51EC 5261:445.632 - 0.180ms returns 0
T51EC 5261:445.632 JLINK_IsHalted()
T51EC 5261:446.144 - 0.291ms returns FALSE
T51EC 5261:447.680 JLINK_GetHWStatus(...)
T51EC 5261:447.680 - 0.164ms returns 0
T51EC 5261:447.680 JLINK_IsHalted()
T51EC 5261:448.192 - 0.379ms returns FALSE
T51EC 5261:449.728 JLINK_GetHWStatus(...)
T51EC 5261:449.728 - 0.167ms returns 0
T51EC 5261:449.728 JLINK_IsHalted()
T51EC 5261:450.240 - 0.335ms returns FALSE
T51EC 5261:452.288 JLINK_GetHWStatus(...)
T51EC 5261:452.288 - 0.182ms returns 0
T51EC 5261:452.288 JLINK_IsHalted()
T51EC 5261:452.288 - 0.390ms returns FALSE
T51EC 5261:454.336 JLINK_GetHWStatus(...)
T51EC 5261:454.336 - 0.190ms returns 0
T51EC 5261:454.336 JLINK_IsHalted()
T51EC 5261:454.336 - 0.349ms returns FALSE
T51EC 5261:456.384 JLINK_GetHWStatus(...)
T51EC 5261:456.384 - 0.134ms returns 0
T51EC 5261:456.384 JLINK_IsHalted()
T51EC 5261:456.384 - 0.411ms returns FALSE
T51EC 5261:458.432 JLINK_GetHWStatus(...)
T51EC 5261:458.432 - 0.170ms returns 0
T51EC 5261:458.432 JLINK_IsHalted()
T51EC 5261:458.432 - 0.317ms returns FALSE
T51EC 5261:460.480 JLINK_GetHWStatus(...)
T51EC 5261:460.480 - 0.184ms returns 0
T51EC 5261:460.480 JLINK_IsHalted()
T51EC 5261:460.480 - 0.370ms returns FALSE
T51EC 5261:462.528 JLINK_GetHWStatus(...)
T51EC 5261:462.528 - 0.167ms returns 0
T51EC 5261:462.528 JLINK_IsHalted()
T51EC 5261:463.040 - 0.429ms returns FALSE
T51EC 5261:464.576 JLINK_GetHWStatus(...)
T51EC 5261:464.576 - 0.180ms returns 0
T51EC 5261:464.576 JLINK_IsHalted()
T51EC 5261:464.576 - 0.381ms returns FALSE
T51EC 5261:466.624 JLINK_GetHWStatus(...)
T51EC 5261:466.624 - 0.189ms returns 0
T51EC 5261:466.624 JLINK_IsHalted()
T51EC 5261:467.136 - 0.433ms returns FALSE
T51EC 5261:468.672 JLINK_GetHWStatus(...)
T51EC 5261:468.672 - 0.200ms returns 0
T51EC 5261:468.672 JLINK_IsHalted()
T51EC 5261:468.672 - 0.375ms returns FALSE
T51EC 5261:470.720 JLINK_GetHWStatus(...)
T51EC 5261:470.720 - 0.193ms returns 0
T51EC 5261:470.720 JLINK_IsHalted()
T51EC 5261:471.232 - 0.407ms returns FALSE
T51EC 5261:472.768 JLINK_GetHWStatus(...)
T51EC 5261:472.768 - 0.167ms returns 0
T51EC 5261:472.768 JLINK_IsHalted()
T51EC 5261:473.280 - 0.510ms returns FALSE
T51EC 5261:474.816 JLINK_GetHWStatus(...)
T51EC 5261:474.816 - 0.173ms returns 0
T51EC 5261:474.816 JLINK_IsHalted()
T51EC 5261:475.328 - 0.379ms returns FALSE
T51EC 5261:476.864 JLINK_GetHWStatus(...)
T51EC 5261:476.864 - 0.202ms returns 0
T51EC 5261:476.864 JLINK_IsHalted()
T51EC 5261:477.376 - 0.360ms returns FALSE
T51EC 5261:478.912 JLINK_GetHWStatus(...)
T51EC 5261:478.912 - 0.182ms returns 0
T51EC 5261:478.912 JLINK_IsHalted()
T51EC 5261:479.424 - 0.312ms returns FALSE
T51EC 5261:480.960 JLINK_GetHWStatus(...)
T51EC 5261:480.960 - 0.176ms returns 0
T51EC 5261:480.960 JLINK_IsHalted()
T51EC 5261:481.472 - 0.293ms returns FALSE
T51EC 5261:483.008 JLINK_GetHWStatus(...)
T51EC 5261:483.008 - 0.168ms returns 0
T51EC 5261:483.008 JLINK_IsHalted()
T51EC 5261:483.520 - 0.309ms returns FALSE
T51EC 5261:485.056 JLINK_GetHWStatus(...)
T51EC 5261:485.056 - 0.193ms returns 0
T51EC 5261:485.056 JLINK_IsHalted()
T51EC 5261:485.568 - 0.399ms returns FALSE
T51EC 5261:487.104 JLINK_GetHWStatus(...)
T51EC 5261:487.104 - 0.292ms returns 0
T51EC 5261:487.104 JLINK_IsHalted()
T51EC 5261:487.616 - 0.365ms returns FALSE
T51EC 5261:489.152 JLINK_GetHWStatus(...)
T51EC 5261:489.152 - 0.258ms returns 0
T51EC 5261:489.152 JLINK_IsHalted()
T51EC 5261:489.664 - 0.337ms returns FALSE
T51EC 5261:491.200 JLINK_GetHWStatus(...)
T51EC 5261:491.200 - 0.226ms returns 0
T51EC 5261:491.200 JLINK_IsHalted()
T51EC 5261:491.712 - 0.358ms returns FALSE
T51EC 5261:493.248 JLINK_GetHWStatus(...)
T51EC 5261:493.248 - 0.188ms returns 0
T51EC 5261:493.248 JLINK_IsHalted()
T51EC 5261:493.760 - 0.378ms returns FALSE
T51EC 5261:495.296 JLINK_GetHWStatus(...)
T51EC 5261:495.296 - 0.194ms returns 0
T51EC 5261:495.296 JLINK_IsHalted()
T51EC 5261:495.808 - 0.378ms returns FALSE
T51EC 5261:497.344 JLINK_GetHWStatus(...)
T51EC 5261:497.344 - 0.197ms returns 0
T51EC 5261:497.344 JLINK_IsHalted()
T51EC 5261:497.344 - 0.290ms returns FALSE
T51EC 5261:499.392 JLINK_GetHWStatus(...)
T51EC 5261:499.392 - 0.180ms returns 0
T51EC 5261:499.392 JLINK_IsHalted()
T51EC 5261:499.904 - 0.363ms returns FALSE
T51EC 5261:501.440 JLINK_GetHWStatus(...)
T51EC 5261:501.440 - 0.240ms returns 0
T51EC 5261:501.440 JLINK_IsHalted()
T51EC 5261:501.952 - 0.323ms returns FALSE
T51EC 5261:503.488 JLINK_GetHWStatus(...)
T51EC 5261:503.488 - 0.186ms returns 0
T51EC 5261:503.488 JLINK_IsHalted()
T51EC 5261:504.000 - 0.308ms returns FALSE
T51EC 5261:505.536 JLINK_GetHWStatus(...)
T51EC 5261:505.536 - 0.206ms returns 0
T51EC 5261:505.536 JLINK_IsHalted()
T51EC 5261:506.048 - 0.348ms returns FALSE
T51EC 5261:507.584 JLINK_GetHWStatus(...)
T51EC 5261:507.584 - 0.223ms returns 0
T51EC 5261:507.584 JLINK_IsHalted()
T51EC 5261:508.096 - 0.343ms returns FALSE
T51EC 5261:509.632 JLINK_GetHWStatus(...)
T51EC 5261:509.632 - 0.207ms returns 0
T51EC 5261:509.632 JLINK_IsHalted()
T51EC 5261:510.144 - 0.543ms returns FALSE
T51EC 5261:511.680 JLINK_GetHWStatus(...)
T51EC 5261:511.680 - 0.226ms returns 0
T51EC 5261:511.680 JLINK_IsHalted()
T51EC 5261:512.192 - 0.452ms returns FALSE
T51EC 5261:513.728 JLINK_GetHWStatus(...)
T51EC 5261:513.728 - 0.183ms returns 0
T51EC 5261:513.728 JLINK_IsHalted()
T51EC 5261:514.240 - 0.320ms returns FALSE
T51EC 5261:515.776 JLINK_GetHWStatus(...)
T51EC 5261:515.776 - 0.214ms returns 0
T51EC 5261:515.776 JLINK_IsHalted()
T51EC 5261:516.288 - 0.344ms returns FALSE
T51EC 5261:517.824 JLINK_GetHWStatus(...)
T51EC 5261:517.824 - 0.172ms returns 0
T51EC 5261:517.824 JLINK_IsHalted()
T51EC 5261:518.336 - 0.503ms returns FALSE
T51EC 5261:519.872 JLINK_GetHWStatus(...)
T51EC 5261:519.872 - 0.185ms returns 0
T51EC 5261:519.872 JLINK_IsHalted()
T51EC 5261:520.384 - 0.447ms returns FALSE
T51EC 5261:521.920 JLINK_GetHWStatus(...)
T51EC 5261:521.920 - 0.164ms returns 0
T51EC 5261:521.920 JLINK_IsHalted()
T51EC 5261:522.432 - 0.331ms returns FALSE
T51EC 5261:523.968 JLINK_GetHWStatus(...)
T51EC 5261:523.968 - 0.188ms returns 0
T51EC 5261:523.968 JLINK_IsHalted()
T51EC 5261:524.480 - 0.347ms returns FALSE
T51EC 5261:526.016 JLINK_GetHWStatus(...)
T51EC 5261:526.016 - 0.227ms returns 0
T51EC 5261:526.016 JLINK_IsHalted()
T51EC 5261:526.528 - 0.367ms returns FALSE
T51EC 5261:528.064 JLINK_GetHWStatus(...)
T51EC 5261:528.064 - 0.214ms returns 0
T51EC 5261:528.064 JLINK_IsHalted()
T51EC 5261:528.576 - 0.421ms returns FALSE
T51EC 5261:530.112 JLINK_GetHWStatus(...)
T51EC 5261:530.624 - 0.222ms returns 0
T51EC 5261:530.624 JLINK_IsHalted()
T51EC 5261:531.136 - 0.406ms returns FALSE
T51EC 5261:532.672 JLINK_GetHWStatus(...)
T51EC 5261:532.672 - 0.225ms returns 0
T51EC 5261:532.672 JLINK_IsHalted()
T51EC 5261:533.184 - 0.441ms returns FALSE
T51EC 5261:534.720 JLINK_GetHWStatus(...)
T51EC 5261:534.720 - 0.214ms returns 0
T51EC 5261:534.720 JLINK_IsHalted()
T51EC 5261:535.232 - 0.374ms returns FALSE
T51EC 5261:536.768 JLINK_GetHWStatus(...)
T51EC 5261:536.768 - 0.274ms returns 0
T51EC 5261:536.768 JLINK_IsHalted()
T51EC 5261:537.280 - 0.387ms returns FALSE
T51EC 5261:538.816 JLINK_GetHWStatus(...)
T51EC 5261:538.816 - 0.228ms returns 0
T51EC 5261:538.816 JLINK_IsHalted()
T51EC 5261:539.328 - 0.411ms returns FALSE
T51EC 5261:540.864 JLINK_GetHWStatus(...)
T51EC 5261:540.864 - 0.189ms returns 0
T51EC 5261:540.864 JLINK_IsHalted()
T51EC 5261:541.376 - 0.351ms returns FALSE
T51EC 5261:542.912 JLINK_GetHWStatus(...)
T51EC 5261:542.912 - 0.169ms returns 0
T51EC 5261:542.912 JLINK_IsHalted()
T51EC 5261:543.424 - 0.332ms returns FALSE
T51EC 5261:544.960 JLINK_GetHWStatus(...)
T51EC 5261:544.960 - 0.210ms returns 0
T51EC 5261:544.960 JLINK_IsHalted()
T51EC 5261:545.472 - 0.401ms returns FALSE
T51EC 5261:547.008 JLINK_GetHWStatus(...)
T51EC 5261:547.008 - 0.192ms returns 0
T51EC 5261:547.008 JLINK_IsHalted()
T51EC 5261:547.520 - 0.338ms returns FALSE
T51EC 5261:549.568 JLINK_GetHWStatus(...)
T51EC 5261:550.080 - 0.202ms returns 0
T51EC 5261:550.080 JLINK_IsHalted()
T51EC 5261:550.592 - 0.341ms returns FALSE
T51EC 5261:551.616 JLINK_GetHWStatus(...)
T51EC 5261:551.616 - 0.179ms returns 0
T51EC 5261:552.128 JLINK_IsHalted()
T51EC 5261:552.128 - 0.345ms returns FALSE
T51EC 5261:553.664 JLINK_GetHWStatus(...)
T51EC 5261:554.176 - 0.196ms returns 0
T51EC 5261:554.176 JLINK_IsHalted()
T51EC 5261:554.176 - 0.330ms returns FALSE
T51EC 5261:555.712 JLINK_GetHWStatus(...)
T51EC 5261:556.224 - 0.177ms returns 0
T51EC 5261:556.224 JLINK_IsHalted()
T51EC 5261:556.224 - 0.343ms returns FALSE
T51EC 5261:557.760 JLINK_GetHWStatus(...)
T51EC 5261:558.272 - 0.183ms returns 0
T51EC 5261:558.272 JLINK_IsHalted()
T51EC 5261:558.784 - 0.535ms returns FALSE
T51EC 5261:559.808 JLINK_GetHWStatus(...)
T51EC 5261:560.320 - 0.177ms returns 0
T51EC 5261:560.320 JLINK_IsHalted()
T51EC 5261:560.832 - 0.363ms returns FALSE
T51EC 5261:561.856 JLINK_GetHWStatus(...)
T51EC 5261:562.368 - 0.272ms returns 0
T51EC 5261:562.368 JLINK_IsHalted()
T51EC 5261:562.880 - 0.501ms returns FALSE
T51EC 5261:563.904 JLINK_GetHWStatus(...)
T51EC 5261:564.416 - 0.193ms returns 0
T51EC 5261:564.416 JLINK_IsHalted()
T51EC 5261:564.928 - 0.366ms returns FALSE
T51EC 5261:565.952 JLINK_GetHWStatus(...)
T51EC 5261:566.464 - 0.168ms returns 0
T51EC 5261:566.464 JLINK_IsHalted()
T51EC 5261:566.976 - 0.440ms returns FALSE
T51EC 5261:568.000 JLINK_GetHWStatus(...)
T51EC 5261:568.512 - 0.207ms returns 0
T51EC 5261:568.512 JLINK_IsHalted()
T51EC 5261:569.024 - 0.345ms returns FALSE
T51EC 5261:570.048 JLINK_GetHWStatus(...)
T51EC 5261:570.560 - 0.201ms returns 0
T51EC 5261:570.560 JLINK_IsHalted()
T51EC 5261:571.072 - 0.354ms returns FALSE
T51EC 5261:572.096 JLINK_GetHWStatus(...)
T51EC 5261:572.096 - 0.178ms returns 0
T51EC 5261:572.608 JLINK_IsHalted()
T51EC 5261:573.120 - 0.399ms returns FALSE
T51EC 5261:574.144 JLINK_GetHWStatus(...)
T51EC 5261:574.144 - 0.171ms returns 0
T51EC 5261:574.144 JLINK_IsHalted()
T51EC 5261:574.656 - 0.389ms returns FALSE
T51EC 5261:576.192 JLINK_GetHWStatus(...)
T51EC 5261:576.192 - 0.205ms returns 0
T51EC 5261:576.192 JLINK_IsHalted()
T51EC 5261:576.704 - 0.350ms returns FALSE
T51EC 5261:578.240 JLINK_GetHWStatus(...)
T51EC 5261:578.240 - 0.313ms returns 0
T51EC 5261:578.752 JLINK_IsHalted()
T51EC 5261:579.264 - 0.372ms returns FALSE
T51EC 5261:580.288 JLINK_GetHWStatus(...)
T51EC 5261:580.288 - 0.208ms returns 0
T51EC 5261:580.288 JLINK_IsHalted()
T51EC 5261:580.800 - 0.328ms returns FALSE
T51EC 5261:581.824 JLINK_GetHWStatus(...)
T51EC 5261:582.336 - 0.171ms returns 0
T51EC 5261:582.336 JLINK_IsHalted()
T51EC 5261:582.848 - 0.423ms returns FALSE
T51EC 5261:583.872 JLINK_GetHWStatus(...)
T51EC 5261:584.384 - 0.182ms returns 0
T51EC 5261:584.384 JLINK_IsHalted()
T51EC 5261:584.896 - 0.371ms returns FALSE
T51EC 5261:585.920 JLINK_GetHWStatus(...)
T51EC 5261:586.432 - 0.189ms returns 0
T51EC 5261:586.432 JLINK_IsHalted()
T51EC 5261:586.944 - 0.333ms returns FALSE
T51EC 5261:587.968 JLINK_GetHWStatus(...)
T51EC 5261:588.480 - 0.210ms returns 0
T51EC 5261:588.480 JLINK_IsHalted()
T51EC 5261:588.992 - 0.401ms returns FALSE
T51EC 5261:590.528 JLINK_GetHWStatus(...)
T51EC 5261:590.528 - 0.182ms returns 0
T51EC 5261:590.528 JLINK_IsHalted()
T51EC 5261:591.040 - 0.356ms returns FALSE
T51EC 5261:592.576 JLINK_GetHWStatus(...)
T51EC 5261:592.576 - 0.198ms returns 0
T51EC 5261:592.576 JLINK_IsHalted()
T51EC 5261:593.088 - 0.329ms returns FALSE
T51EC 5261:594.624 JLINK_GetHWStatus(...)
T51EC 5261:595.136 - 0.270ms returns 0
T51EC 5261:595.136 JLINK_IsHalted()
T51EC 5261:595.648 - 0.344ms returns FALSE
T51EC 5261:596.672 JLINK_GetHWStatus(...)
T51EC 5261:597.184 - 0.184ms returns 0
T51EC 5261:597.184 JLINK_IsHalted()
T51EC 5261:597.184 - 0.343ms returns FALSE
T51EC 5261:598.720 JLINK_GetHWStatus(...)
T51EC 5261:599.232 - 0.205ms returns 0
T51EC 5261:599.232 JLINK_IsHalted()
T51EC 5261:599.744 - 0.337ms returns FALSE
T51EC 5261:600.768 JLINK_GetHWStatus(...)
T51EC 5261:601.280 - 0.211ms returns 0
T51EC 5261:601.280 JLINK_IsHalted()
T51EC 5261:601.792 - 0.363ms returns FALSE
T51EC 5261:602.816 JLINK_GetHWStatus(...)
T51EC 5261:603.328 - 0.201ms returns 0
T51EC 5261:603.328 JLINK_IsHalted()
T51EC 5261:603.840 - 0.406ms returns FALSE
T51EC 5261:604.864 JLINK_GetHWStatus(...)
T51EC 5261:605.376 - 0.173ms returns 0
T51EC 5261:605.376 JLINK_IsHalted()
T51EC 5261:605.888 - 0.435ms returns FALSE
T51EC 5261:606.912 JLINK_GetHWStatus(...)
T51EC 5261:606.912 - 0.163ms returns 0
T51EC 5261:607.424 JLINK_IsHalted()
T51EC 5261:607.424 - 0.338ms returns FALSE
T51EC 5261:608.960 JLINK_GetHWStatus(...)
T51EC 5261:609.472 - 0.260ms returns 0
T51EC 5261:609.472 JLINK_IsHalted()
T51EC 5261:609.984 - 0.410ms returns FALSE
T51EC 5261:611.520 JLINK_GetHWStatus(...)
T51EC 5261:611.520 - 0.256ms returns 0
T51EC 5261:611.520 JLINK_IsHalted()
T51EC 5261:612.032 - 0.352ms returns FALSE
T51EC 5261:613.056 JLINK_GetHWStatus(...)
T51EC 5261:613.568 - 0.208ms returns 0
T51EC 5261:613.568 JLINK_IsHalted()
T51EC 5261:614.080 - 0.348ms returns FALSE
T51EC 5261:615.104 JLINK_GetHWStatus(...)
T51EC 5261:615.616 - 0.204ms returns 0
T51EC 5261:615.616 JLINK_IsHalted()
T51EC 5261:616.128 - 0.467ms returns FALSE
T51EC 5261:617.152 JLINK_GetHWStatus(...)
T51EC 5261:617.664 - 0.195ms returns 0
T51EC 5261:617.664 JLINK_IsHalted()
T51EC 5261:618.176 - 0.347ms returns FALSE
T51EC 5261:619.200 JLINK_GetHWStatus(...)
T51EC 5261:619.712 - 0.191ms returns 0
T51EC 5261:619.712 JLINK_IsHalted()
T51EC 5261:620.224 - 0.350ms returns FALSE
T51EC 5261:621.248 JLINK_GetHWStatus(...)
T51EC 5261:621.760 - 0.204ms returns 0
T51EC 5261:621.760 JLINK_IsHalted()
T51EC 5261:621.760 - 0.311ms returns FALSE
T51EC 5261:623.296 JLINK_GetHWStatus(...)
T51EC 5261:623.808 - 0.201ms returns 0
T51EC 5261:623.808 JLINK_IsHalted()
T51EC 5261:624.320 - 0.354ms returns FALSE
T51EC 5261:625.856 JLINK_GetHWStatus(...)
T51EC 5261:625.856 - 0.206ms returns 0
T51EC 5261:625.856 JLINK_IsHalted()
T51EC 5261:626.368 - 0.359ms returns FALSE
T51EC 5261:627.904 JLINK_GetHWStatus(...)
T51EC 5261:627.904 - 0.195ms returns 0
T51EC 5261:627.904 JLINK_IsHalted()
T51EC 5261:628.416 - 0.361ms returns FALSE
T51EC 5261:629.952 JLINK_GetHWStatus(...)
T51EC 5261:629.952 - 0.186ms returns 0
T51EC 5261:629.952 JLINK_IsHalted()
T51EC 5261:630.464 - 0.345ms returns FALSE
T51EC 5261:632.000 JLINK_GetHWStatus(...)
T51EC 5261:632.000 - 0.170ms returns 0
T51EC 5261:632.000 JLINK_IsHalted()
T51EC 5261:632.512 - 0.380ms returns FALSE
T51EC 5261:634.048 JLINK_GetHWStatus(...)
T51EC 5261:634.048 - 0.170ms returns 0
T51EC 5261:634.048 JLINK_IsHalted()
T51EC 5261:634.560 - 0.347ms returns FALSE
T51EC 5261:636.096 JLINK_GetHWStatus(...)
T51EC 5261:636.096 - 0.169ms returns 0
T51EC 5261:636.096 JLINK_IsHalted()
T51EC 5261:636.608 - 0.329ms returns FALSE
T51EC 5261:638.144 JLINK_GetHWStatus(...)
T51EC 5261:638.144 - 0.177ms returns 0
T51EC 5261:638.144 JLINK_IsHalted()
T51EC 5261:638.656 - 0.360ms returns FALSE
T51EC 5261:640.192 JLINK_GetHWStatus(...)
T51EC 5261:640.704 - 0.209ms returns 0
T51EC 5261:640.704 JLINK_IsHalted()
T51EC 5261:640.704 - 0.411ms returns FALSE
T51EC 5261:642.240 JLINK_GetHWStatus(...)
T51EC 5261:642.752 - 0.185ms returns 0
T51EC 5261:642.752 JLINK_IsHalted()
T51EC 5261:642.752 - 0.375ms returns FALSE
T51EC 5261:644.288 JLINK_GetHWStatus(...)
T51EC 5261:644.800 - 0.181ms returns 0
T51EC 5261:644.800 JLINK_IsHalted()
T51EC 5261:644.800 - 0.340ms returns FALSE
T51EC 5261:646.336 JLINK_GetHWStatus(...)
T51EC 5261:646.848 - 0.178ms returns 0
T51EC 5261:646.848 JLINK_IsHalted()
T51EC 5261:646.848 - 0.387ms returns FALSE
T51EC 5261:648.384 JLINK_GetHWStatus(...)
T51EC 5261:648.896 - 0.185ms returns 0
T51EC 5261:648.896 JLINK_IsHalted()
T51EC 5261:648.896 - 0.367ms returns FALSE
T51EC 5261:650.944 JLINK_GetHWStatus(...)
T51EC 5261:650.944 - 0.173ms returns 0
T51EC 5261:650.944 JLINK_IsHalted()
T51EC 5261:651.456 - 0.345ms returns FALSE
T51EC 5261:652.992 JLINK_GetHWStatus(...)
T51EC 5261:652.992 - 0.172ms returns 0
T51EC 5261:652.992 JLINK_IsHalted()
T51EC 5261:653.504 - 0.438ms returns FALSE
T51EC 5261:655.040 JLINK_GetHWStatus(...)
T51EC 5261:655.040 - 0.184ms returns 0
T51EC 5261:655.040 JLINK_IsHalted()
T51EC 5261:655.552 - 0.308ms returns FALSE
T51EC 5261:657.088 JLINK_GetHWStatus(...)
T51EC 5261:657.600 - 0.194ms returns 0
T51EC 5261:657.600 JLINK_IsHalted()
T51EC 5261:658.112 - 0.478ms returns FALSE
T51EC 5261:659.136 JLINK_GetHWStatus(...)
T51EC 5261:659.648 - 0.161ms returns 0
T51EC 5261:659.648 JLINK_IsHalted()
T51EC 5261:660.160 - 0.423ms returns FALSE
T51EC 5261:661.184 JLINK_GetHWStatus(...)
T51EC 5261:661.696 - 0.216ms returns 0
T51EC 5261:661.696 JLINK_IsHalted()
T51EC 5261:662.208 - 0.341ms returns FALSE
T51EC 5261:663.232 JLINK_GetHWStatus(...)
T51EC 5261:663.744 - 0.184ms returns 0
T51EC 5261:663.744 JLINK_IsHalted()
T51EC 5261:664.256 - 0.363ms returns FALSE
T51EC 5261:665.280 JLINK_GetHWStatus(...)
T51EC 5261:665.792 - 0.239ms returns 0
T51EC 5261:665.792 JLINK_IsHalted()
T51EC 5261:666.304 - 0.352ms returns FALSE
T51EC 5261:667.328 JLINK_GetHWStatus(...)
T51EC 5261:667.840 - 0.211ms returns 0
T51EC 5261:667.840 JLINK_IsHalted()
T51EC 5261:668.352 - 0.345ms returns FALSE
T51EC 5261:669.376 JLINK_GetHWStatus(...)
T51EC 5261:669.888 - 0.224ms returns 0
T51EC 5261:669.888 JLINK_IsHalted()
T51EC 5261:670.400 - 0.314ms returns FALSE
T51EC 5261:671.936 JLINK_GetHWStatus(...)
T51EC 5261:671.936 - 0.229ms returns 0
T51EC 5261:671.936 JLINK_IsHalted()
T51EC 5261:672.448 - 0.321ms returns FALSE
T51EC 5261:673.984 JLINK_GetHWStatus(...)
T51EC 5261:673.984 - 0.221ms returns 0
T51EC 5261:673.984 JLINK_IsHalted()
T51EC 5261:674.496 - 0.331ms returns FALSE
T51EC 5261:675.520 JLINK_GetHWStatus(...)
T51EC 5261:676.032 - 0.184ms returns 0
T51EC 5261:676.032 JLINK_IsHalted()
T51EC 5261:676.544 - 0.326ms returns FALSE
T51EC 5261:677.568 JLINK_GetHWStatus(...)
T51EC 5261:678.080 - 0.191ms returns 0
T51EC 5261:678.080 JLINK_IsHalted()
T51EC 5261:678.592 - 0.337ms returns FALSE
T51EC 5261:679.616 JLINK_GetHWStatus(...)
T51EC 5261:680.128 - 0.179ms returns 0
T51EC 5261:680.128 JLINK_IsHalted()
T51EC 5261:680.640 - 0.343ms returns FALSE
T51EC 5261:681.664 JLINK_GetHWStatus(...)
T51EC 5261:682.176 - 0.162ms returns 0
T51EC 5261:682.176 JLINK_IsHalted()
T51EC 5261:682.688 - 0.337ms returns FALSE
T51EC 5261:683.712 JLINK_GetHWStatus(...)
T51EC 5261:684.224 - 0.168ms returns 0
T51EC 5261:684.224 JLINK_IsHalted()
T51EC 5261:684.224 - 0.332ms returns FALSE
T51EC 5261:685.760 JLINK_GetHWStatus(...)
T51EC 5261:685.760 - 0.183ms returns 0
T51EC 5261:686.272 JLINK_IsHalted()
T51EC 5261:686.272 - 0.361ms returns FALSE
T51EC 5261:687.808 JLINK_GetHWStatus(...)
T51EC 5261:688.320 - 0.190ms returns 0
T51EC 5261:688.320 JLINK_IsHalted()
T51EC 5261:688.832 - 0.400ms returns FALSE
T51EC 5261:689.856 JLINK_GetHWStatus(...)
T51EC 5261:690.368 - 0.178ms returns 0
T51EC 5261:690.368 JLINK_IsHalted()
T51EC 5261:690.880 - 0.378ms returns FALSE
T51EC 5261:691.904 JLINK_GetHWStatus(...)
T51EC 5261:692.416 - 0.205ms returns 0
T51EC 5261:692.416 JLINK_IsHalted()
T51EC 5261:692.416 - 0.333ms returns FALSE
T51EC 5261:693.952 JLINK_GetHWStatus(...)
T51EC 5261:694.464 - 0.173ms returns 0
T51EC 5261:694.464 JLINK_IsHalted()
T51EC 5261:694.464 - 0.320ms returns FALSE
T51EC 5261:696.000 JLINK_GetHWStatus(...)
T51EC 5261:696.512 - 0.199ms returns 0
T51EC 5261:696.512 JLINK_IsHalted()
T51EC 5261:697.024 - 0.497ms returns FALSE
T51EC 5261:698.048 JLINK_GetHWStatus(...)
T51EC 5261:698.048 - 0.177ms returns 0
T51EC 5261:698.048 JLINK_IsHalted()
T51EC 5261:698.560 - 0.408ms returns FALSE
T51EC 5261:700.096 JLINK_GetHWStatus(...)
T51EC 5261:700.608 - 0.186ms returns 0
T51EC 5261:700.608 JLINK_IsHalted()
T51EC 5261:701.120 - 0.518ms returns FALSE
T51EC 5261:702.656 JLINK_GetHWStatus(...)
T51EC 5261:702.656 - 0.201ms returns 0
T51EC 5261:702.656 JLINK_IsHalted()
T51EC 5261:703.168 - 0.504ms returns FALSE
T51EC 5261:704.704 JLINK_GetHWStatus(...)
T51EC 5261:704.704 - 0.193ms returns 0
T51EC 5261:704.704 JLINK_IsHalted()
T51EC 5261:705.216 - 0.348ms returns FALSE
T51EC 5261:905.408 JLINK_GetHWStatus(...)
T51EC 5261:905.408 - 0.249ms returns 0
T51EC 5261:905.408 JLINK_IsHalted()
T51EC 5261:905.920 - 0.336ms returns FALSE
T51EC 5262:304.256 JLINK_GetHWStatus(...)
T51EC 5262:304.256 - 0.202ms returns 0
T51EC 5262:304.256 JLINK_IsHalted()
T51EC 5262:304.768 - 0.291ms returns FALSE
T51EC 5262:704.128 JLINK_GetHWStatus(...)
T51EC 5262:704.640 - 0.277ms returns 0
T51EC 5262:704.640 JLINK_IsHalted()
T51EC 5262:705.152 - 0.372ms returns FALSE
T51EC 5263:104.512 JLINK_GetHWStatus(...)
T51EC 5263:105.024 - 0.279ms returns 0
T51EC 5263:105.024 JLINK_IsHalted()
T51EC 5263:105.024 - 0.372ms returns FALSE
T51EC 5263:504.384 JLINK_GetHWStatus(...)
T51EC 5263:504.384 - 0.229ms returns 0
T51EC 5263:504.384 JLINK_IsHalted()
T51EC 5263:504.896 - 0.387ms returns FALSE
T51EC 5263:904.256 JLINK_GetHWStatus(...)
T51EC 5263:904.768 - 0.383ms returns 0
T51EC 5263:904.768 JLINK_IsHalted()
T51EC 5263:905.280 - 0.361ms returns FALSE
T51EC 5264:304.640 JLINK_GetHWStatus(...)
T51EC 5264:304.640 - 0.280ms returns 0
T51EC 5264:304.640 JLINK_IsHalted()
T51EC 5264:305.152 - 0.381ms returns FALSE
T51EC 5264:704.512 JLINK_GetHWStatus(...)
T51EC 5264:704.512 - 0.299ms returns 0
T51EC 5264:704.512 JLINK_IsHalted()
T51EC 5264:705.024 - 0.340ms returns FALSE
T51EC 5265:104.384 JLINK_GetHWStatus(...)
T51EC 5265:104.384 - 0.248ms returns 0
T51EC 5265:104.384 JLINK_IsHalted()
T51EC 5265:104.896 - 0.337ms returns FALSE
T51EC 5265:504.256 JLINK_GetHWStatus(...)
T51EC 5265:504.768 - 0.228ms returns 0
T51EC 5265:504.768 JLINK_IsHalted()
T51EC 5265:505.280 - 0.380ms returns FALSE
T51EC 5265:904.640 JLINK_GetHWStatus(...)
T51EC 5265:904.640 - 0.336ms returns 0
T51EC 5265:904.640 JLINK_IsHalted()
T51EC 5265:905.152 - 0.447ms returns FALSE
T51EC 5266:304.000 JLINK_GetHWStatus(...)
T51EC 5266:304.512 - 0.336ms returns 0
T51EC 5266:304.512 JLINK_IsHalted()
T51EC 5266:305.536 - 0.481ms returns FALSE
T51EC 5266:704.384 JLINK_GetHWStatus(...)
T51EC 5266:704.896 - 0.327ms returns 0
T51EC 5266:704.896 JLINK_IsHalted()
T51EC 5266:705.408 - 0.445ms returns FALSE
T51EC 5267:104.768 JLINK_GetHWStatus(...)
T51EC 5267:104.768 - 0.376ms returns 0
T51EC 5267:104.768 JLINK_IsHalted()
T51EC 5267:105.280 - 0.432ms returns FALSE
T51EC 5267:504.128 JLINK_GetHWStatus(...)
T51EC 5267:504.640 - 0.272ms returns 0
T51EC 5267:504.640 JLINK_IsHalted()
T51EC 5267:505.152 - 0.386ms returns FALSE
T51EC 5267:904.512 JLINK_GetHWStatus(...)
T51EC 5267:904.512 - 0.224ms returns 0
T51EC 5267:904.512 JLINK_IsHalted()
T51EC 5267:905.024 - 0.303ms returns FALSE
T51EC 5268:304.384 JLINK_GetHWStatus(...)
T51EC 5268:304.896 - 0.253ms returns 0
T51EC 5268:304.896 JLINK_IsHalted()
T51EC 5268:304.896 - 0.332ms returns FALSE
T51EC 5268:704.256 JLINK_GetHWStatus(...)
T51EC 5268:704.256 - 0.246ms returns 0
T51EC 5268:704.256 JLINK_IsHalted()
T51EC 5268:704.768 - 0.351ms returns FALSE
T51EC 5269:104.128 JLINK_GetHWStatus(...)
T51EC 5269:104.640 - 0.249ms returns 0
T51EC 5269:104.640 JLINK_IsHalted()
T51EC 5269:105.152 - 0.328ms returns FALSE
T51EC 5269:504.512 JLINK_GetHWStatus(...)
T51EC 5269:505.024 - 0.321ms returns 0
T51EC 5269:505.024 JLINK_IsHalted()
T51EC 5269:505.024 - 0.366ms returns FALSE
T51EC 5269:904.384 JLINK_GetHWStatus(...)
T51EC 5269:904.384 - 0.295ms returns 0
T51EC 5269:904.384 JLINK_IsHalted()
T51EC 5269:904.896 - 0.448ms returns FALSE
T51EC 5270:304.256 JLINK_GetHWStatus(...)
T51EC 5270:304.768 - 0.518ms returns 0
T51EC 5270:305.280 JLINK_IsHalted()
T51EC 5270:305.792 - 0.403ms returns FALSE
T51EC 5270:704.640 JLINK_GetHWStatus(...)
T51EC 5270:704.640 - 0.339ms returns 0
T51EC 5270:705.152 JLINK_IsHalted()
T51EC 5270:705.152 - 0.408ms returns FALSE
T51EC 5271:104.512 JLINK_GetHWStatus(...)
T51EC 5271:104.512 - 0.261ms returns 0
T51EC 5271:104.512 JLINK_IsHalted()
T51EC 5271:105.024 - 0.386ms returns FALSE
T51EC 5271:504.384 JLINK_GetHWStatus(...)
T51EC 5271:504.384 - 0.271ms returns 0
T51EC 5271:504.896 JLINK_IsHalted()
T51EC 5271:505.408 - 0.502ms returns FALSE
T51EC 5271:904.256 JLINK_GetHWStatus(...)
T51EC 5271:904.768 - 0.229ms returns 0
T51EC 5271:904.768 JLINK_IsHalted()
T51EC 5271:905.280 - 0.380ms returns FALSE
T51EC 5272:304.640 JLINK_GetHWStatus(...)
T51EC 5272:304.640 - 0.220ms returns 0
T51EC 5272:304.640 JLINK_IsHalted()
T51EC 5272:304.640 - 0.344ms returns FALSE
T51EC 5272:704.000 JLINK_GetHWStatus(...)
T51EC 5272:705.024 - 0.445ms returns 0
T51EC 5272:705.024 JLINK_IsHalted()
T51EC 5272:705.536 - 0.427ms returns FALSE
T51EC 5273:104.384 JLINK_GetHWStatus(...)
T51EC 5273:104.896 - 0.253ms returns 0
T51EC 5273:104.896 JLINK_IsHalted()
T51EC 5273:105.408 - 0.337ms returns FALSE
T51EC 5273:504.768 JLINK_GetHWStatus(...)
T51EC 5273:504.768 - 0.315ms returns 0
T51EC 5273:504.768 JLINK_IsHalted()
T51EC 5273:504.768 - 0.409ms returns FALSE
T51EC 5273:904.128 JLINK_GetHWStatus(...)
T51EC 5273:904.640 - 0.232ms returns 0
T51EC 5273:904.640 JLINK_IsHalted()
T51EC 5273:905.152 - 0.418ms returns FALSE
T51EC 5274:304.512 JLINK_GetHWStatus(...)
T51EC 5274:305.024 - 0.401ms returns 0
T51EC 5274:305.024 JLINK_IsHalted()
T51EC 5274:305.536 - 0.421ms returns FALSE
T51EC 5274:305.536 JLINK_Halt()
T51EC 5274:308.608 - 3.356ms returns 0x00
T51EC 5274:308.608 JLINK_GetHWStatus(...)
T51EC 5274:309.120 - 0.185ms returns 0
T51EC 5274:309.120 JLINK_IsHalted()
T51EC 5274:309.120 - 0.012ms returns TRUE
T51EC 5274:309.120 JLINK_ReadRegs(NumRegs = 1)
T51EC 5274:309.120     R15 (PC) (15) = 0x10001496        
T51EC 5274:309.120 - 0.029ms returns 0x00
T51EC 5274:309.120 JLINK_ReadMemU16(0x10001496, 0x1 Items)
T51EC 5274:309.120   CPU_ReadMem(64 bytes @ 0x10001480)
T51EC 5274:309.632    -- Updating C cache (64 bytes @ 0x10001480)
T51EC 5274:309.632    -- Read from C cache (2 bytes @ 0x10001496)
T51EC 5274:309.632   Data:  40 1C
T51EC 5274:309.632 - 0.762ms returns 1 (0x1)
T51EC 5274:309.632 JLINK_ReadMemU32(0xE000EDFC, 0x1 Items)
T51EC 5274:309.632   Data:  00 00 00 01
T51EC 5274:309.632   Debug reg: DEMCR
T51EC 5274:309.632 - 0.039ms returns 1 (0x1)
T51EC 5274:309.632 JLINK_BeginDownload(Flags = 0x00000001)
T51EC 5274:309.632 - 0.012ms 
T51EC 5274:309.632 JLINK_WriteU32(0xE000EDFC, 0x01000000)
T51EC 5274:309.632   Debug reg: DEMCR
T51EC 5274:309.632 - 0.029ms returns 0 (0x00000000)
T51EC 5274:309.632 JLINK_EndDownload()
T51EC 5274:309.632 - 0.012ms returns 0 (0x0)
T51EC 5274:309.632 JLINK_WriteVectorCatch(0x00000000)
T51EC 5274:309.632 - 0.013ms returns 0
T51EC 5274:309.632 JLINK_BeginDownload(Flags = 0x00000001)
T51EC 5274:309.632 - 0.011ms 
T51EC 5274:309.632 JLINK_WriteU32(0xE0001028, 0x00000000)
T51EC 5274:309.632   Debug reg: DWT_FUNC[0]
T51EC 5274:309.632 - 0.026ms returns 0 (0x00000000)
T51EC 5274:309.632 JLINK_EndDownload()
T51EC 5274:309.632 - 0.012ms returns 0 (0x0)
T51EC 5274:309.632 JLINK_BeginDownload(Flags = 0x00000001)
T51EC 5274:309.632 - 0.012ms 
T51EC 5274:310.144 JLINK_WriteU32(0xE0001038, 0x00000000)
T51EC 5274:310.144   Debug reg: DWT_FUNC[1]
T51EC 5274:310.144 - 0.027ms returns 0 (0x00000000)
T51EC 5274:310.144 JLINK_EndDownload()
T51EC 5274:310.144 - 0.012ms returns 0 (0x0)
T51EC 5274:310.144 JLINK_ReadMemU32(0xE0001004, 0x1 Items)
T51EC 5274:310.144   CPU_ReadMem(4 bytes @ 0xE0001004)
T51EC 5274:310.656   Data:  00 00 00 00
T51EC 5274:310.656   Debug reg: DWT_CYCCNT
T51EC 5274:310.656 - 0.339ms returns 1 (0x1)
T51EC 5274:310.656 JLINK_ReadRegs(NumRegs = 1)
T51EC 5274:310.656     R14 (14) = 0x100014D5        
T51EC 5274:310.656 - 0.028ms returns 0x00
T51EC 5274:310.656 JLINK_ReadRegs(NumRegs = 1)
T51EC 5274:310.656     R0 (0)  = 0x2C7A58          
T51EC 5274:310.656 - 0.024ms returns 0x00
T51EC 5274:310.656 JLINK_ReadRegs(NumRegs = 1)
T51EC 5274:310.656     R1 (1)  = 0x00              
T51EC 5274:310.656 - 0.024ms returns 0x00
T51EC 5274:310.656 JLINK_ReadRegs(NumRegs = 1)
T51EC 5274:310.656     R2 (2)  = 0x10              
T51EC 5274:310.656 - 0.024ms returns 0x00
T51EC 5274:310.656 JLINK_ReadRegs(NumRegs = 1)
T51EC 5274:310.656     R3 (3)  = 0x10              
T51EC 5274:310.656 - 0.027ms returns 0x00
T51EC 5274:310.656 JLINK_ReadRegs(NumRegs = 1)
T51EC 5274:310.656     R4 (4)  = 0x4C4B400         
T51EC 5274:311.168 - 0.024ms returns 0x00
T51EC 5274:311.168 JLINK_ReadRegs(NumRegs = 1)
T51EC 5274:311.168     R5 (5)  = 0x17007C00        
T51EC 5274:311.168 - 0.024ms returns 0x00
T51EC 5274:311.168 JLINK_ReadRegs(NumRegs = 1)
T51EC 5274:311.168     R6 (6)  = 0x10000000        
T51EC 5274:311.168 - 0.024ms returns 0x00
T51EC 5274:311.168 JLINK_ReadRegs(NumRegs = 1)
T51EC 5274:311.168     R7 (7)  = 0x10005461        
T51EC 5274:311.168 - 0.024ms returns 0x00
T51EC 5274:311.168 JLINK_ReadRegs(NumRegs = 1)
T51EC 5274:311.168     R8 (8)  = 0xBE4D7D3D        
T51EC 5274:311.168 - 0.024ms returns 0x00
T51EC 5274:311.168 JLINK_ReadRegs(NumRegs = 1)
T51EC 5274:311.168     R9 (9)  = 0x8BB4D65F        
T51EC 5274:311.168 - 0.024ms returns 0x00
T51EC 5274:311.168 JLINK_ReadRegs(NumRegs = 1)
T51EC 5274:311.168     R10 (10) = 0x650BE897        
T51EC 5274:311.168 - 0.026ms returns 0x00
T51EC 5274:311.168 JLINK_ReadRegs(NumRegs = 1)
T51EC 5274:311.168     R11 (11) = 0x639F76DB        
T51EC 5274:311.168 - 0.029ms returns 0x00
T51EC 5274:311.168 JLINK_ReadRegs(NumRegs = 1)
T51EC 5274:311.168     R12 (12) = 0xE0              
T51EC 5274:311.168 - 0.024ms returns 0x00
T51EC 5274:311.168 JLINK_ReadRegs(NumRegs = 1)
T51EC 5274:311.168     MSP (17) = 0x2801FFE8        
T51EC 5274:311.168 - 0.024ms returns 0x00
T51EC 5274:311.168 JLINK_ReadRegs(NumRegs = 1)
T51EC 5274:311.168     PSP (18) = 0x2801FFF8        
T51EC 5274:311.168 - 0.024ms returns 0x00
T51EC 5274:311.168 JLINK_ReadRegs(NumRegs = 1)
T51EC 5274:311.680     R14 (14) = 0x100014D5        
T51EC 5274:311.680 - 0.023ms returns 0x00
T51EC 5274:311.680 JLINK_ReadRegs(NumRegs = 1)
T51EC 5274:311.680     R15 (PC) (15) = 0x10001496        
T51EC 5274:311.680 - 0.025ms returns 0x00
T51EC 5274:311.680 JLINK_ReadRegs(NumRegs = 1)
T51EC 5274:311.680     XPSR (16) = 0x21000000        
T51EC 5274:311.680 - 0.024ms returns 0x00
T51EC 5274:311.680 JLINK_ReadRegs(NumRegs = 1)
T51EC 5274:311.680     CFBP (20) = 0x00              
T51EC 5274:311.680 - 0.024ms returns 0x00

Closed
